text,label,category,scenario_id,source_template,fold,split
"Thầy ơi bài tập lớn nhóm 3 nộp lúc 11h tối qua trên hệ thống rồi ạ, thầy check giúp nhóm em nha.",0,Giao tiếp mua bán/học tập an toàn,BENIGN_14,"Thầy ơi bài tập lớn nhóm 3 nộp lúc 11h tối qua trên hệ thống rồi ạ, thầy check giúp nhóm em nha.",1,scenario_test
"Ck e 2 triệu vao the BIDV nay nhe, e dang dung mua do ma quen vi o nha. Nhanh nha a.",1,Hack tài khoản / Deepfake mượn tiền,SCAM_15,"Ck e {amount} vao the {bank} nay nhe, e dang dung mua do ma quen vi o nha. Nhanh nha a.",2,train
"Dạ em cảm ơn anh chị đã phỏng vấn em ạ, em sẽ chờ kết quả từ phòng nhân sự ạ.",0,Giao tiếp công việc an toàn,BENIGN_10,"Dạ em cảm ơn anh chị đã phỏng vấn em ạ, em sẽ chờ kết quả từ phòng nhân sự ạ.",3,train
chị ơi tối nay nhà mình ăn gì thế? Con tan làm trễ chắc 7h mới về tới nhà.,0,Giao tiếp gia đình an toàn,BENIGN_00,{relative} ơi tối nay nhà mình ăn gì thế? Con tan làm trễ chắc 7h mới về tới nhà.,4,train
Sáng nay đi chợ mua cho chị 1 kg thịt bò với mớ rau muống nhé. Tiền để trên bàn phòng khách ấy.,0,Giao tiếp gia đình an toàn,BENIGN_01,Sáng nay đi chợ mua cho {relative} 1 kg thịt bò với mớ rau muống nhé. Tiền để trên bàn phòng khách ấy.,0,validation
"Ck e 50k vao the VIB nay nhe, e dang dung mua do ma quen vi o nha. Nhanh nha a.",1,Hack tài khoản / Deepfake mượn tiền,SCAM_15,"Ck e {amount} vao the {bank} nay nhe, e dang dung mua do ma quen vi o nha. Nhanh nha a.",2,train
"Dạ em chào anh/chị, em gọi từ Hải quan. Hiện anh chị đang có biên lai phạt nguội vi phạm giao thông chưa nộp. Yêu cầu chuyển 5 triệu vào STK tạm giữ để xử lý.",1,Giả danh cơ quan nhà nước,SCAM_01,"Dạ em chào anh/chị, em gọi từ {role}. Hiện anh chị đang có biên lai phạt nguội vi phạm giao thông chưa nộp. Yêu cầu chuyển {amount} vào STK tạm giữ để xử lý.",2,train
"Chị nhân sự báo tháng này em được thưởng KPI 20 triệu, check lại tài khoản Sacombank xem tiền về chưa em.",0,Giao tiếp công việc an toàn,BENIGN_11,"Chị nhân sự báo tháng này em được thưởng KPI {amount}, check lại tài khoản {bank} xem tiền về chưa em.",1,scenario_test
ZaloPay tang ban the qua tang 1 triệu. Dang nhap zalopay-quatang.net de rinh qua vao vi.,1,Trúng thưởng / Tặng quà,SCAM_18,ZaloPay tang ban the qua tang {amount}. Dang nhap {link} de rinh qua vao vi.,3,train
"Happy birthday tớ nha! Chúc mày tuổi mới mau giàu, bớt hâm lại và sớm có người yêu.",0,Giao tiếp bạn bè an toàn,BENIGN_07,"Happy birthday {friend} nha! Chúc mày tuổi mới mau giàu, bớt hâm lại và sớm có người yêu.",2,train
t ơi đag rảnh k chuyển tao mượn tạm 500k tí chiều t lấy lương t trả luôn. App VIB tao đag lỗi k ck dc.,1,Hack tài khoản / Deepfake mượn tiền,SCAM_12,{friend} ơi đag rảnh k chuyển tao mượn tạm {amount} tí chiều t lấy lương t trả luôn. App {bank} tao đag lỗi k ck dc.,2,train
Trời mưa to quá t đag trú mưa. Tí mày qua đón tao ở cổng trường nha tao.,0,Giao tiếp bạn bè an toàn,BENIGN_06,Trời mưa to quá t đag trú mưa. Tí mày qua đón tao ở cổng trường nha {friend}.,0,validation
"Agribank thong bao: Tai khoan cua ban phat sinh giao dich 20 triệu. Neu khong phai ban, truy cap cong-an.net de huy.",1,Giả mạo ngân hàng / Phishing,SCAM_08,"{bank} thong bao: Tai khoan cua ban phat sinh giao dich {amount}. Neu khong phai ban, truy cap {link} de huy.",0,validation
"Happy birthday mày nha! Chúc mày tuổi mới mau giàu, bớt hâm lại và sớm có người yêu.",0,Giao tiếp bạn bè an toàn,BENIGN_07,"Happy birthday {friend} nha! Chúc mày tuổi mới mau giàu, bớt hâm lại và sớm có người yêu.",2,train
"Chị nhân sự báo tháng này em được thưởng KPI 500k, check lại tài khoản TPBank xem tiền về chưa em.",0,Giao tiếp công việc an toàn,BENIGN_11,"Chị nhân sự báo tháng này em được thưởng KPI {amount}, check lại tài khoản {bank} xem tiền về chưa em.",1,scenario_test
"Sếp ơi, file báo cáo tháng này em gửi qua email rồi ạ. Sếp xem có cần chỉnh sửa gì không báo em nhé.",0,Giao tiếp công việc an toàn,BENIGN_08,"Sếp ơi, file báo cáo tháng này em gửi qua email rồi ạ. Sếp xem có cần chỉnh sửa gì không báo em nhé.",3,train
Chiều nay 3h toàn team mình họp chốt KPIs tuần nhé. Mọi người mang theo laptop.,0,Giao tiếp công việc an toàn,BENIGN_09,Chiều nay 3h toàn team mình họp chốt KPIs tuần nhé. Mọi người mang theo laptop.,1,scenario_test
"(Video call mờ nhòe) ae à tao đag kẹt mạng yếu quá, mày bắn qua stk này cho tao 2 triệu trc nhé.",1,Hack tài khoản / Deepfake mượn tiền,SCAM_14,"(Video call mờ nhòe) {friend} à tao đag kẹt mạng yếu quá, mày bắn qua stk này cho tao {amount} trc nhé.",0,validation
"Ê mày nay rảnh không, tối 8h ra quán trà chanh cũ chém gió tí không, tao mời.",0,Giao tiếp bạn bè an toàn,BENIGN_04,"Ê {friend} nay rảnh không, tối 8h ra quán trà chanh cũ chém gió tí không, tao mời.",0,validation
Chi cục Thuế thong bao: SDT cua ban dang lien quan den duong day rua tien. Vui long click vao link thue-vn.com de khai bao tai san gap.,1,Giả danh cơ quan nhà nước,SCAM_00,{role} thong bao: SDT cua ban dang lien quan den duong day rua tien. Vui long click vao link {link} de khai bao tai san gap.,4,train
Lịch thi môn Toán dời sang thứ 3 tuần sau nhé các bạn. Chú ý ôn tập đầy đủ.,0,Giao tiếp mua bán/học tập an toàn,BENIGN_15,Lịch thi môn Toán dời sang thứ 3 tuần sau nhé các bạn. Chú ý ôn tập đầy đủ.,3,train
"Đây là cục viễn thông, số điện thoại của bạn sẽ bị khóa sau 2 giờ do phát tán tin nhắn rác. Bấm phím 1 để gặp tổng đài viên.",1,Giả danh cơ quan nhà nước,SCAM_03,"Đây là cục viễn thông, số điện thoại của bạn sẽ bị khóa sau 2 giờ do phát tán tin nhắn rác. Bấm phím 1 để gặp tổng đài viên.",2,train
"VIB thong bao: Tai khoan cua ban phat sinh giao dich 500k. Neu khong phai ban, truy cap vneid-gov.vip de huy.",1,Giả mạo ngân hàng / Phishing,SCAM_08,"{bank} thong bao: Tai khoan cua ban phat sinh giao dich {amount}. Neu khong phai ban, truy cap {link} de huy.",0,validation
"Chị nhân sự báo tháng này em được thưởng KPI 20 triệu, check lại tài khoản Agribank xem tiền về chưa em.",0,Giao tiếp công việc an toàn,BENIGN_11,"Chị nhân sự báo tháng này em được thưởng KPI {amount}, check lại tài khoản {bank} xem tiền về chưa em.",1,scenario_test
ZaloPay tang ban the qua tang 5 triệu. Dang nhap vneid-gov.vip de rinh qua vao vi.,1,Trúng thưởng / Tặng quà,SCAM_18,ZaloPay tang ban the qua tang {amount}. Dang nhap {link} de rinh qua vao vi.,3,train
Cty Shopee thông báo bạn đã trúng tuyển. Cần nạp 300k để kích hoạt tài khoản làm nhiệm vụ chốt đơn hoàn tiền gốc + 20% lãi.,1,Việc nhẹ lương cao,SCAM_05,Cty Shopee thông báo bạn đã trúng tuyển. Cần nạp {amount} để kích hoạt tài khoản làm nhiệm vụ chốt đơn hoàn tiền gốc + 20% lãi.,1,scenario_test
Tài khoản iCloud của bạn bị khóa bảo mật. Đăng nhập thue-vn.com để khôi phục.,1,Giả mạo ngân hàng / Phishing,SCAM_10,Tài khoản iCloud của bạn bị khóa bảo mật. Đăng nhập {link} để khôi phục.,4,train
"Chị nhân sự báo tháng này em được thưởng KPI 100 triệu, check lại tài khoản Sacombank xem tiền về chưa em.",0,Giao tiếp công việc an toàn,BENIGN_11,"Chị nhân sự báo tháng này em được thưởng KPI {amount}, check lại tài khoản {bank} xem tiền về chưa em.",1,scenario_test
The tin dung Agribank cua ban bi tru phi thuong nien 300k. Truy cap link vneid-gov.vip nhap ma OTP de duoc hoan tien.,1,Giả mạo ngân hàng / Phishing,SCAM_09,The tin dung {bank} cua ban bi tru phi thuong nien {amount}. Truy cap link {link} nhap ma OTP de duoc hoan tien.,3,train
"Cuối tuần này nghỉ lễ, cả nhà mình qua nội chơi không? Bố bảo mua ít trái cây mang sang.",0,Giao tiếp gia đình an toàn,BENIGN_03,"Cuối tuần này nghỉ lễ, cả nhà mình qua nội chơi không? Bố bảo mua ít trái cây mang sang.",1,scenario_test
ZaloPay tang ban the qua tang 50k. Dang nhap vneid-gov.vip de rinh qua vao vi.,1,Trúng thưởng / Tặng quà,SCAM_18,ZaloPay tang ban the qua tang {amount}. Dang nhap {link} de rinh qua vao vi.,3,train
Tài khoản iCloud của bạn bị khóa bảo mật. Đăng nhập nhantien-mbbank.com để khôi phục.,1,Giả mạo ngân hàng / Phishing,SCAM_10,Tài khoản iCloud của bạn bị khóa bảo mật. Đăng nhập {link} để khôi phục.,4,train
"Ck e 10 triệu vao the Sacombank nay nhe, e dang dung mua do ma quen vi o nha. Nhanh nha a.",1,Hack tài khoản / Deepfake mượn tiền,SCAM_15,"Ck e {amount} vao the {bank} nay nhe, e dang dung mua do ma quen vi o nha. Nhanh nha a.",2,train
Hải quan thong bao: SDT cua ban dang lien quan den duong day rua tien. Vui long click vao link thue-vn.com de khai bao tai san gap.,1,Giả danh cơ quan nhà nước,SCAM_00,{role} thong bao: SDT cua ban dang lien quan den duong day rua tien. Vui long click vao link {link} de khai bao tai san gap.,4,train
The tin dung Techcombank cua ban bi tru phi thuong nien 50k. Truy cap link thue-vn.com nhap ma OTP de duoc hoan tien.,1,Giả mạo ngân hàng / Phishing,SCAM_09,The tin dung {bank} cua ban bi tru phi thuong nien {amount}. Truy cap link {link} nhap ma OTP de duoc hoan tien.,3,train
Ban nhan dc 300k tu Phạm Thị D. Click nhantien-mbbank.com de xac nhan nhan tien.,1,Giả mạo ngân hàng / Phishing,SCAM_11,Ban nhan dc {amount} tu {name}. Click {link} de xac nhan nhan tien.,4,train
Bộ Công An thong bao: SDT cua ban dang lien quan den duong day rua tien. Vui long click vao link nhantien-mbbank.com de khai bao tai san gap.,1,Giả danh cơ quan nhà nước,SCAM_00,{role} thong bao: SDT cua ban dang lien quan den duong day rua tien. Vui long click vao link {link} de khai bao tai san gap.,4,train
Trời mưa to quá t đag trú mưa. Tí mày qua đón tao ở cổng trường nha cậu.,0,Giao tiếp bạn bè an toàn,BENIGN_06,Trời mưa to quá t đag trú mưa. Tí mày qua đón tao ở cổng trường nha {friend}.,0,validation
Tao đang giữ clip của mày. Chuyển 5 triệu vào BIDV nếu ko tối nay tao up hết lên facebook trường mày.,1,Tống tiền / Bạo lực mạng,SCAM_19,Tao đang giữ clip của mày. Chuyển {amount} vào {bank} nếu ko tối nay tao up hết lên facebook trường mày.,3,train
Cty Shopee thông báo bạn đã trúng tuyển. Cần nạp 10 triệu để kích hoạt tài khoản làm nhiệm vụ chốt đơn hoàn tiền gốc + 20% lãi.,1,Việc nhẹ lương cao,SCAM_05,Cty Shopee thông báo bạn đã trúng tuyển. Cần nạp {amount} để kích hoạt tài khoản làm nhiệm vụ chốt đơn hoàn tiền gốc + 20% lãi.,1,scenario_test
tao ơi đag rảnh k chuyển tao mượn tạm 10 triệu tí chiều t lấy lương t trả luôn. App BIDV tao đag lỗi k ck dc.,1,Hack tài khoản / Deepfake mượn tiền,SCAM_12,{friend} ơi đag rảnh k chuyển tao mượn tạm {amount} tí chiều t lấy lương t trả luôn. App {bank} tao đag lỗi k ck dc.,2,train
"Dạ em chào anh/chị, em gọi từ Công an. Hiện anh chị đang có biên lai phạt nguội vi phạm giao thông chưa nộp. Yêu cầu chuyển 2 triệu vào STK tạm giữ để xử lý.",1,Giả danh cơ quan nhà nước,SCAM_01,"Dạ em chào anh/chị, em gọi từ {role}. Hiện anh chị đang có biên lai phạt nguội vi phạm giao thông chưa nộp. Yêu cầu chuyển {amount} vào STK tạm giữ để xử lý.",2,train
Cty casting model. Em gửi 3 tấm ảnh mặc đồ lót qua đây để a xem body duyệt hồ sơ nhé.,1,Tống tiền / Bạo lực mạng,SCAM_20,Cty casting model. Em gửi 3 tấm ảnh mặc đồ lót qua đây để a xem body duyệt hồ sơ nhé.,2,train
Ban nhan dc 1 triệu tu Đặng Thị F. Click tiktok-job.com de xac nhan nhan tien.,1,Giả mạo ngân hàng / Phishing,SCAM_11,Ban nhan dc {amount} tu {name}. Click {link} de xac nhan nhan tien.,4,train
"Chị ơi nạp nốt đơn 20 triệu này là xong nhiệm vụ, cty sẽ hoàn trả toàn bộ gốc và hoa hồng vào thẻ TPBank cho chị luôn.",1,Việc nhẹ lương cao,SCAM_07,"Chị ơi nạp nốt đơn {amount} này là xong nhiệm vụ, cty sẽ hoàn trả toàn bộ gốc và hoa hồng vào thẻ {bank} cho chị luôn.",1,scenario_test
"CTV đánh giá sản phẩm trên Google Maps, mỗi lượt nhận 1 triệu. Nạp phí duy trì nhóm 300k để bắt đầu làm ngay.",1,Việc nhẹ lương cao,SCAM_06,"CTV đánh giá sản phẩm trên Google Maps, mỗi lượt nhận {amount}. Nạp phí duy trì nhóm 300k để bắt đầu làm ngay.",0,validation
"Techcombank thong bao: Tai khoan cua ban phat sinh giao dich 500k. Neu khong phai ban, truy cap cong-an.net de huy.",1,Giả mạo ngân hàng / Phishing,SCAM_08,"{bank} thong bao: Tai khoan cua ban phat sinh giao dich {amount}. Neu khong phai ban, truy cap {link} de huy.",0,validation
Chuc mung sdt cua ban trung thuong 1 xe SH va 10 triệu. Truy cap cong-an.net dong phi ho so 500k de nhan giai.,1,Trúng thưởng / Tặng quà,SCAM_16,Chuc mung sdt cua ban trung thuong 1 xe SH va {amount}. Truy cap {link} dong phi ho so 500k de nhan giai.,0,validation
Trời mưa to quá t đag trú mưa. Tí mày qua đón tao ở cổng trường nha anh em.,0,Giao tiếp bạn bè an toàn,BENIGN_06,Trời mưa to quá t đag trú mưa. Tí mày qua đón tao ở cổng trường nha {friend}.,0,validation
"Chị nhân sự báo tháng này em được thưởng KPI 10 triệu, check lại tài khoản BIDV xem tiền về chưa em.",0,Giao tiếp công việc an toàn,BENIGN_11,"Chị nhân sự báo tháng này em được thưởng KPI {amount}, check lại tài khoản {bank} xem tiền về chưa em.",1,scenario_test
"Dạ em chào anh/chị, em gọi từ Công an. Hiện anh chị đang có biên lai phạt nguội vi phạm giao thông chưa nộp. Yêu cầu chuyển 50k vào STK tạm giữ để xử lý.",1,Giả danh cơ quan nhà nước,SCAM_01,"Dạ em chào anh/chị, em gọi từ {role}. Hiện anh chị đang có biên lai phạt nguội vi phạm giao thông chưa nộp. Yêu cầu chuyển {amount} vào STK tạm giữ để xử lý.",2,train
The tin dung BIDV cua ban bi tru phi thuong nien 50k. Truy cap link shopee-vietnam.vip nhap ma OTP de duoc hoan tien.,1,Giả mạo ngân hàng / Phishing,SCAM_09,The tin dung {bank} cua ban bi tru phi thuong nien {amount}. Truy cap link {link} nhap ma OTP de duoc hoan tien.,3,train
"MBBank thong bao: Tai khoan cua ban phat sinh giao dich 300k. Neu khong phai ban, truy cap nhantien-mbbank.com de huy.",1,Giả mạo ngân hàng / Phishing,SCAM_08,"{bank} thong bao: Tai khoan cua ban phat sinh giao dich {amount}. Neu khong phai ban, truy cap {link} de huy.",0,validation
Tai khoan VNeID cua ban chua duoc dinh danh. Truy cap thue-vn.com de cap nhat ngay keo bi khoa vinh vien.,1,Giả danh cơ quan nhà nước,SCAM_02,Tai khoan VNeID cua ban chua duoc dinh danh. Truy cap {link} de cap nhat ngay keo bi khoa vinh vien.,1,scenario_test
"Ck e 500k vao the Techcombank nay nhe, e dang dung mua do ma quen vi o nha. Nhanh nha a.",1,Hack tài khoản / Deepfake mượn tiền,SCAM_15,"Ck e {amount} vao the {bank} nay nhe, e dang dung mua do ma quen vi o nha. Nhanh nha a.",2,train
"Dạ em nhận được hàng rồi nha shop, vừa in luôn, tí em chuyển 5 triệu tiền hàng qua Agribank cho shop nhé.",0,Giao tiếp mua bán/học tập an toàn,BENIGN_13,"Dạ em nhận được hàng rồi nha shop, vừa in luôn, tí em chuyển {amount} tiền hàng qua {bank} cho shop nhé.",2,train
Trời mưa to quá t đag trú mưa. Tí mày qua đón tao ở cổng trường nha t.,0,Giao tiếp bạn bè an toàn,BENIGN_06,Trời mưa to quá t đag trú mưa. Tí mày qua đón tao ở cổng trường nha {friend}.,0,validation
Tuyển CTV xem video tiktok thả tim kiếm 50 triệu/ngày. K cọc k vốn. Lh zalo 098xxx để nhận việc.,1,Việc nhẹ lương cao,SCAM_04,Tuyển CTV xem video tiktok thả tim kiếm {amount}/ngày. K cọc k vốn. Lh zalo 098xxx để nhận việc.,4,train
ZaloPay tang ban the qua tang 50k. Dang nhap tiktok-job.com de rinh qua vao vi.,1,Trúng thưởng / Tặng quà,SCAM_18,ZaloPay tang ban the qua tang {amount}. Dang nhap {link} de rinh qua vao vi.,3,train
"Ê cậu nay rảnh không, tối 8h ra quán trà chanh cũ chém gió tí không, tao mời.",0,Giao tiếp bạn bè an toàn,BENIGN_04,"Ê {friend} nay rảnh không, tối 8h ra quán trà chanh cũ chém gió tí không, tao mời.",0,validation
Cty Shopee thông báo bạn đã trúng tuyển. Cần nạp 500k để kích hoạt tài khoản làm nhiệm vụ chốt đơn hoàn tiền gốc + 20% lãi.,1,Việc nhẹ lương cao,SCAM_05,Cty Shopee thông báo bạn đã trúng tuyển. Cần nạp {amount} để kích hoạt tài khoản làm nhiệm vụ chốt đơn hoàn tiền gốc + 20% lãi.,1,scenario_test
"Hôm qua đi ăn tổng hết 300k nhé, tao chia đều rồi mày bắn qua Techcombank cho tao đi.",0,Giao tiếp bạn bè an toàn,BENIGN_05,"Hôm qua đi ăn tổng hết {amount} nhé, tao chia đều rồi mày bắn qua {bank} cho tao đi.",4,train
Chuc mung sdt cua ban trung thuong 1 xe SH va 2 triệu. Truy cap thue-vn.com dong phi ho so 500k de nhan giai.,1,Trúng thưởng / Tặng quà,SCAM_16,Chuc mung sdt cua ban trung thuong 1 xe SH va {amount}. Truy cap {link} dong phi ho so 500k de nhan giai.,0,validation
"ACB thong bao: Tai khoan cua ban phat sinh giao dich 50 triệu. Neu khong phai ban, truy cap zalopay-quatang.net de huy.",1,Giả mạo ngân hàng / Phishing,SCAM_08,"{bank} thong bao: Tai khoan cua ban phat sinh giao dich {amount}. Neu khong phai ban, truy cap {link} de huy.",0,validation
"Ck e 100 triệu vao the BIDV nay nhe, e dang dung mua do ma quen vi o nha. Nhanh nha a.",1,Hack tài khoản / Deepfake mượn tiền,SCAM_15,"Ck e {amount} vao the {bank} nay nhe, e dang dung mua do ma quen vi o nha. Nhanh nha a.",2,train
Tao đang giữ clip của mày. Chuyển 2 triệu vào VPBank nếu ko tối nay tao up hết lên facebook trường mày.,1,Tống tiền / Bạo lực mạng,SCAM_19,Tao đang giữ clip của mày. Chuyển {amount} vào {bank} nếu ko tối nay tao up hết lên facebook trường mày.,3,train
Sáng nay đi chợ mua cho chú 1 kg thịt bò với mớ rau muống nhé. Tiền để trên bàn phòng khách ấy.,0,Giao tiếp gia đình an toàn,BENIGN_01,Sáng nay đi chợ mua cho {relative} 1 kg thịt bò với mớ rau muống nhé. Tiền để trên bàn phòng khách ấy.,0,validation
Con dang o benh vien can dong gap 500k tien vien phi. bố chuyen vao stk cua bac si Lê Thị B (Agribank) giup con voi.,1,Hack tài khoản / Deepfake mượn tiền,SCAM_13,Con dang o benh vien can dong gap {amount} tien vien phi. {relative} chuyen vao stk cua bac si {name} ({bank}) giup con voi.,1,scenario_test
Sáng nay đi chợ mua cho anh 1 kg thịt bò với mớ rau muống nhé. Tiền để trên bàn phòng khách ấy.,0,Giao tiếp gia đình an toàn,BENIGN_01,Sáng nay đi chợ mua cho {relative} 1 kg thịt bò với mớ rau muống nhé. Tiền để trên bàn phòng khách ấy.,0,validation
Con đóng tiền học tiếng Anh 500k chưa? Nếu chưa thì bảo để chú chuyển khoản cho thầy nhé.,0,Giao tiếp gia đình an toàn,BENIGN_02,Con đóng tiền học tiếng Anh {amount} chưa? Nếu chưa thì bảo để {relative} chuyển khoản cho thầy nhé.,3,train
"VIB thong bao: Tai khoan cua ban phat sinh giao dich 100 triệu. Neu khong phai ban, truy cap vneid-gov.vip de huy.",1,Giả mạo ngân hàng / Phishing,SCAM_08,"{bank} thong bao: Tai khoan cua ban phat sinh giao dich {amount}. Neu khong phai ban, truy cap {link} de huy.",0,validation
ZaloPay tang ban the qua tang 5 triệu. Dang nhap tiktok-job.com de rinh qua vao vi.,1,Trúng thưởng / Tặng quà,SCAM_18,ZaloPay tang ban the qua tang {amount}. Dang nhap {link} de rinh qua vao vi.,3,train
Cty Shopee thông báo bạn đã trúng tuyển. Cần nạp 50 triệu để kích hoạt tài khoản làm nhiệm vụ chốt đơn hoàn tiền gốc + 20% lãi.,1,Việc nhẹ lương cao,SCAM_05,Cty Shopee thông báo bạn đã trúng tuyển. Cần nạp {amount} để kích hoạt tài khoản làm nhiệm vụ chốt đơn hoàn tiền gốc + 20% lãi.,1,scenario_test
"Dạ em nhận được hàng rồi nha shop, vừa in luôn, tí em chuyển 1 triệu tiền hàng qua TPBank cho shop nhé.",0,Giao tiếp mua bán/học tập an toàn,BENIGN_13,"Dạ em nhận được hàng rồi nha shop, vừa in luôn, tí em chuyển {amount} tiền hàng qua {bank} cho shop nhé.",2,train
Ban nhan dc 50 triệu tu Lê Thị B. Click cong-an.net de xac nhan nhan tien.,1,Giả mạo ngân hàng / Phishing,SCAM_11,Ban nhan dc {amount} tu {name}. Click {link} de xac nhan nhan tien.,4,train
"Ê anh em nay rảnh không, tối 8h ra quán trà chanh cũ chém gió tí không, tao mời.",0,Giao tiếp bạn bè an toàn,BENIGN_04,"Ê {friend} nay rảnh không, tối 8h ra quán trà chanh cũ chém gió tí không, tao mời.",0,validation
Cty Shopee thông báo bạn đã trúng tuyển. Cần nạp 1 triệu để kích hoạt tài khoản làm nhiệm vụ chốt đơn hoàn tiền gốc + 20% lãi.,1,Việc nhẹ lương cao,SCAM_05,Cty Shopee thông báo bạn đã trúng tuyển. Cần nạp {amount} để kích hoạt tài khoản làm nhiệm vụ chốt đơn hoàn tiền gốc + 20% lãi.,1,scenario_test
"Ck e 100 triệu vao the VIB nay nhe, e dang dung mua do ma quen vi o nha. Nhanh nha a.",1,Hack tài khoản / Deepfake mượn tiền,SCAM_15,"Ck e {amount} vao the {bank} nay nhe, e dang dung mua do ma quen vi o nha. Nhanh nha a.",2,train
Tao đang giữ clip của mày. Chuyển 50k vào TPBank nếu ko tối nay tao up hết lên facebook trường mày.,1,Tống tiền / Bạo lực mạng,SCAM_19,Tao đang giữ clip của mày. Chuyển {amount} vào {bank} nếu ko tối nay tao up hết lên facebook trường mày.,3,train
Chuc mung sdt cua ban trung thuong 1 xe SH va 50 triệu. Truy cap nhantien-mbbank.com dong phi ho so 500k de nhan giai.,1,Trúng thưởng / Tặng quà,SCAM_16,Chuc mung sdt cua ban trung thuong 1 xe SH va {amount}. Truy cap {link} dong phi ho so 500k de nhan giai.,0,validation
"Happy birthday anh em nha! Chúc mày tuổi mới mau giàu, bớt hâm lại và sớm có người yêu.",0,Giao tiếp bạn bè an toàn,BENIGN_07,"Happy birthday {friend} nha! Chúc mày tuổi mới mau giàu, bớt hâm lại và sớm có người yêu.",2,train
Chi cục Thuế thong bao: SDT cua ban dang lien quan den duong day rua tien. Vui long click vao link tiktok-job.com de khai bao tai san gap.,1,Giả danh cơ quan nhà nước,SCAM_00,{role} thong bao: SDT cua ban dang lien quan den duong day rua tien. Vui long click vao link {link} de khai bao tai san gap.,4,train
"Chị ơi nạp nốt đơn 50k này là xong nhiệm vụ, cty sẽ hoàn trả toàn bộ gốc và hoa hồng vào thẻ Agribank cho chị luôn.",1,Việc nhẹ lương cao,SCAM_07,"Chị ơi nạp nốt đơn {amount} này là xong nhiệm vụ, cty sẽ hoàn trả toàn bộ gốc và hoa hồng vào thẻ {bank} cho chị luôn.",1,scenario_test
Tài khoản iCloud của bạn bị khóa bảo mật. Đăng nhập cong-an.net để khôi phục.,1,Giả mạo ngân hàng / Phishing,SCAM_10,Tài khoản iCloud của bạn bị khóa bảo mật. Đăng nhập {link} để khôi phục.,4,train
ZaloPay tang ban the qua tang 5 triệu. Dang nhap shopee-vietnam.vip de rinh qua vao vi.,1,Trúng thưởng / Tặng quà,SCAM_18,ZaloPay tang ban the qua tang {amount}. Dang nhap {link} de rinh qua vao vi.,3,train
Con đóng tiền học tiếng Anh 100 triệu chưa? Nếu chưa thì bảo để bố chuyển khoản cho thầy nhé.,0,Giao tiếp gia đình an toàn,BENIGN_02,Con đóng tiền học tiếng Anh {amount} chưa? Nếu chưa thì bảo để {relative} chuyển khoản cho thầy nhé.,3,train
"Happy birthday ae nha! Chúc mày tuổi mới mau giàu, bớt hâm lại và sớm có người yêu.",0,Giao tiếp bạn bè an toàn,BENIGN_07,"Happy birthday {friend} nha! Chúc mày tuổi mới mau giàu, bớt hâm lại và sớm có người yêu.",2,train
"CTV đánh giá sản phẩm trên Google Maps, mỗi lượt nhận 500k. Nạp phí duy trì nhóm 300k để bắt đầu làm ngay.",1,Việc nhẹ lương cao,SCAM_06,"CTV đánh giá sản phẩm trên Google Maps, mỗi lượt nhận {amount}. Nạp phí duy trì nhóm 300k để bắt đầu làm ngay.",0,validation
"Vietcombank thong bao: Tai khoan cua ban phat sinh giao dich 1 triệu. Neu khong phai ban, truy cap nhantien-mbbank.com de huy.",1,Giả mạo ngân hàng / Phishing,SCAM_08,"{bank} thong bao: Tai khoan cua ban phat sinh giao dich {amount}. Neu khong phai ban, truy cap {link} de huy.",0,validation
Tai khoan VNeID cua ban chua duoc dinh danh. Truy cap tiktok-job.com de cap nhat ngay keo bi khoa vinh vien.,1,Giả danh cơ quan nhà nước,SCAM_02,Tai khoan VNeID cua ban chua duoc dinh danh. Truy cap {link} de cap nhat ngay keo bi khoa vinh vien.,1,scenario_test
"Dạ em nhận được hàng rồi nha shop, vừa in luôn, tí em chuyển 500k tiền hàng qua Vietcombank cho shop nhé.",0,Giao tiếp mua bán/học tập an toàn,BENIGN_13,"Dạ em nhận được hàng rồi nha shop, vừa in luôn, tí em chuyển {amount} tiền hàng qua {bank} cho shop nhé.",2,train
"Chị nhân sự báo tháng này em được thưởng KPI 2 triệu, check lại tài khoản VIB xem tiền về chưa em.",0,Giao tiếp công việc an toàn,BENIGN_11,"Chị nhân sự báo tháng này em được thưởng KPI {amount}, check lại tài khoản {bank} xem tiền về chưa em.",1,scenario_test
Tuyển CTV xem video tiktok thả tim kiếm 300k/ngày. K cọc k vốn. Lh zalo 098xxx để nhận việc.,1,Việc nhẹ lương cao,SCAM_04,Tuyển CTV xem video tiktok thả tim kiếm {amount}/ngày. K cọc k vốn. Lh zalo 098xxx để nhận việc.,4,train
Bạn là KH thứ 1000 may mắn nhận lọ nước hoa trị giá 5 triệu. Vui lòng thanh toán tiền thuế hải quan 150k cho shipper.,1,Trúng thưởng / Tặng quà,SCAM_17,Bạn là KH thứ 1000 may mắn nhận lọ nước hoa trị giá {amount}. Vui lòng thanh toán tiền thuế hải quan 150k cho shipper.,3,train
"Chị nhân sự báo tháng này em được thưởng KPI 2 triệu, check lại tài khoản MBBank xem tiền về chưa em.",0,Giao tiếp công việc an toàn,BENIGN_11,"Chị nhân sự báo tháng này em được thưởng KPI {amount}, check lại tài khoản {bank} xem tiền về chưa em.",1,scenario_test
Shop ơi đơn hàng áo thun size M màu đen của em bao giờ thì giao ạ? Em đợi từ qua tới giờ.,0,Giao tiếp mua bán/học tập an toàn,BENIGN_12,Shop ơi đơn hàng áo thun size M màu đen của em bao giờ thì giao ạ? Em đợi từ qua tới giờ.,3,train
Con đóng tiền học tiếng Anh 50 triệu chưa? Nếu chưa thì bảo để anh chuyển khoản cho thầy nhé.,0,Giao tiếp gia đình an toàn,BENIGN_02,Con đóng tiền học tiếng Anh {amount} chưa? Nếu chưa thì bảo để {relative} chuyển khoản cho thầy nhé.,3,train
"Ck e 50 triệu vao the VIB nay nhe, e dang dung mua do ma quen vi o nha. Nhanh nha a.",1,Hack tài khoản / Deepfake mượn tiền,SCAM_15,"Ck e {amount} vao the {bank} nay nhe, e dang dung mua do ma quen vi o nha. Nhanh nha a.",2,train
Bạn là KH thứ 1000 may mắn nhận lọ nước hoa trị giá 100 triệu. Vui lòng thanh toán tiền thuế hải quan 150k cho shipper.,1,Trúng thưởng / Tặng quà,SCAM_17,Bạn là KH thứ 1000 may mắn nhận lọ nước hoa trị giá {amount}. Vui lòng thanh toán tiền thuế hải quan 150k cho shipper.,3,train
"TPBank thong bao: Tai khoan cua ban phat sinh giao dich 50k. Neu khong phai ban, truy cap nhantien-mbbank.com de huy.",1,Giả mạo ngân hàng / Phishing,SCAM_08,"{bank} thong bao: Tai khoan cua ban phat sinh giao dich {amount}. Neu khong phai ban, truy cap {link} de huy.",0,validation
"Dạ em chào anh/chị, em gọi từ Công an. Hiện anh chị đang có biên lai phạt nguội vi phạm giao thông chưa nộp. Yêu cầu chuyển 100 triệu vào STK tạm giữ để xử lý.",1,Giả danh cơ quan nhà nước,SCAM_01,"Dạ em chào anh/chị, em gọi từ {role}. Hiện anh chị đang có biên lai phạt nguội vi phạm giao thông chưa nộp. Yêu cầu chuyển {amount} vào STK tạm giữ để xử lý.",2,train
"Dạ em nhận được hàng rồi nha shop, vừa in luôn, tí em chuyển 5 triệu tiền hàng qua VIB cho shop nhé.",0,Giao tiếp mua bán/học tập an toàn,BENIGN_13,"Dạ em nhận được hàng rồi nha shop, vừa in luôn, tí em chuyển {amount} tiền hàng qua {bank} cho shop nhé.",2,train
Sáng nay đi chợ mua cho dì 1 kg thịt bò với mớ rau muống nhé. Tiền để trên bàn phòng khách ấy.,0,Giao tiếp gia đình an toàn,BENIGN_01,Sáng nay đi chợ mua cho {relative} 1 kg thịt bò với mớ rau muống nhé. Tiền để trên bàn phòng khách ấy.,0,validation
Ban nhan dc 2 triệu tu Trần Văn C. Click cong-an.net de xac nhan nhan tien.,1,Giả mạo ngân hàng / Phishing,SCAM_11,Ban nhan dc {amount} tu {name}. Click {link} de xac nhan nhan tien.,4,train
"Dạ em nhận được hàng rồi nha shop, vừa in luôn, tí em chuyển 50 triệu tiền hàng qua VPBank cho shop nhé.",0,Giao tiếp mua bán/học tập an toàn,BENIGN_13,"Dạ em nhận được hàng rồi nha shop, vừa in luôn, tí em chuyển {amount} tiền hàng qua {bank} cho shop nhé.",2,train
The tin dung Techcombank cua ban bi tru phi thuong nien 100 triệu. Truy cap link nhantien-mbbank.com nhap ma OTP de duoc hoan tien.,1,Giả mạo ngân hàng / Phishing,SCAM_09,The tin dung {bank} cua ban bi tru phi thuong nien {amount}. Truy cap link {link} nhap ma OTP de duoc hoan tien.,3,train
Chuc mung sdt cua ban trung thuong 1 xe SH va 100 triệu. Truy cap cong-an.net dong phi ho so 500k de nhan giai.,1,Trúng thưởng / Tặng quà,SCAM_16,Chuc mung sdt cua ban trung thuong 1 xe SH va {amount}. Truy cap {link} dong phi ho so 500k de nhan giai.,0,validation
"Dạ em nhận được hàng rồi nha shop, vừa in luôn, tí em chuyển 100 triệu tiền hàng qua MBBank cho shop nhé.",0,Giao tiếp mua bán/học tập an toàn,BENIGN_13,"Dạ em nhận được hàng rồi nha shop, vừa in luôn, tí em chuyển {amount} tiền hàng qua {bank} cho shop nhé.",2,train
"ACB thong bao: Tai khoan cua ban phat sinh giao dich 5 triệu. Neu khong phai ban, truy cap cong-an.net de huy.",1,Giả mạo ngân hàng / Phishing,SCAM_08,"{bank} thong bao: Tai khoan cua ban phat sinh giao dich {amount}. Neu khong phai ban, truy cap {link} de huy.",0,validation
"MBBank thong bao: Tai khoan cua ban phat sinh giao dich 100 triệu. Neu khong phai ban, truy cap zalopay-quatang.net de huy.",1,Giả mạo ngân hàng / Phishing,SCAM_08,"{bank} thong bao: Tai khoan cua ban phat sinh giao dich {amount}. Neu khong phai ban, truy cap {link} de huy.",0,validation
Cty Shopee thông báo bạn đã trúng tuyển. Cần nạp 100 triệu để kích hoạt tài khoản làm nhiệm vụ chốt đơn hoàn tiền gốc + 20% lãi.,1,Việc nhẹ lương cao,SCAM_05,Cty Shopee thông báo bạn đã trúng tuyển. Cần nạp {amount} để kích hoạt tài khoản làm nhiệm vụ chốt đơn hoàn tiền gốc + 20% lãi.,1,scenario_test
"Dạ em nhận được hàng rồi nha shop, vừa in luôn, tí em chuyển 50 triệu tiền hàng qua Agribank cho shop nhé.",0,Giao tiếp mua bán/học tập an toàn,BENIGN_13,"Dạ em nhận được hàng rồi nha shop, vừa in luôn, tí em chuyển {amount} tiền hàng qua {bank} cho shop nhé.",2,train
Tai khoan VNeID cua ban chua duoc dinh danh. Truy cap nhantien-mbbank.com de cap nhat ngay keo bi khoa vinh vien.,1,Giả danh cơ quan nhà nước,SCAM_02,Tai khoan VNeID cua ban chua duoc dinh danh. Truy cap {link} de cap nhat ngay keo bi khoa vinh vien.,1,scenario_test
Tuyển CTV xem video tiktok thả tim kiếm 1 triệu/ngày. K cọc k vốn. Lh zalo 098xxx để nhận việc.,1,Việc nhẹ lương cao,SCAM_04,Tuyển CTV xem video tiktok thả tim kiếm {amount}/ngày. K cọc k vốn. Lh zalo 098xxx để nhận việc.,4,train
Con dang o benh vien can dong gap 100 triệu tien vien phi. chú chuyen vao stk cua bac si Trần Văn C (BIDV) giup con voi.,1,Hack tài khoản / Deepfake mượn tiền,SCAM_13,Con dang o benh vien can dong gap {amount} tien vien phi. {relative} chuyen vao stk cua bac si {name} ({bank}) giup con voi.,1,scenario_test
"VIB thong bao: Tai khoan cua ban phat sinh giao dich 2 triệu. Neu khong phai ban, truy cap nhantien-mbbank.com de huy.",1,Giả mạo ngân hàng / Phishing,SCAM_08,"{bank} thong bao: Tai khoan cua ban phat sinh giao dich {amount}. Neu khong phai ban, truy cap {link} de huy.",0,validation
tao ơi đag rảnh k chuyển tao mượn tạm 50k tí chiều t lấy lương t trả luôn. App Vietcombank tao đag lỗi k ck dc.,1,Hack tài khoản / Deepfake mượn tiền,SCAM_12,{friend} ơi đag rảnh k chuyển tao mượn tạm {amount} tí chiều t lấy lương t trả luôn. App {bank} tao đag lỗi k ck dc.,2,train
"Hôm qua đi ăn tổng hết 20 triệu nhé, tao chia đều rồi mày bắn qua VPBank cho tao đi.",0,Giao tiếp bạn bè an toàn,BENIGN_05,"Hôm qua đi ăn tổng hết {amount} nhé, tao chia đều rồi mày bắn qua {bank} cho tao đi.",4,train
"MBBank thong bao: Tai khoan cua ban phat sinh giao dich 100 triệu. Neu khong phai ban, truy cap vneid-gov.vip de huy.",1,Giả mạo ngân hàng / Phishing,SCAM_08,"{bank} thong bao: Tai khoan cua ban phat sinh giao dich {amount}. Neu khong phai ban, truy cap {link} de huy.",0,validation
Tai khoan VNeID cua ban chua duoc dinh danh. Truy cap shopee-vietnam.vip de cap nhat ngay keo bi khoa vinh vien.,1,Giả danh cơ quan nhà nước,SCAM_02,Tai khoan VNeID cua ban chua duoc dinh danh. Truy cap {link} de cap nhat ngay keo bi khoa vinh vien.,1,scenario_test
Sáng nay đi chợ mua cho mẹ 1 kg thịt bò với mớ rau muống nhé. Tiền để trên bàn phòng khách ấy.,0,Giao tiếp gia đình an toàn,BENIGN_01,Sáng nay đi chợ mua cho {relative} 1 kg thịt bò với mớ rau muống nhé. Tiền để trên bàn phòng khách ấy.,0,validation
"Dạ em nhận được hàng rồi nha shop, vừa in luôn, tí em chuyển 1 triệu tiền hàng qua MBBank cho shop nhé.",0,Giao tiếp mua bán/học tập an toàn,BENIGN_13,"Dạ em nhận được hàng rồi nha shop, vừa in luôn, tí em chuyển {amount} tiền hàng qua {bank} cho shop nhé.",2,train
Tòa án thong bao: SDT cua ban dang lien quan den duong day rua tien. Vui long click vao link thue-vn.com de khai bao tai san gap.,1,Giả danh cơ quan nhà nước,SCAM_00,{role} thong bao: SDT cua ban dang lien quan den duong day rua tien. Vui long click vao link {link} de khai bao tai san gap.,4,train
"(Video call mờ nhòe) ae à tao đag kẹt mạng yếu quá, mày bắn qua stk này cho tao 50k trc nhé.",1,Hack tài khoản / Deepfake mượn tiền,SCAM_14,"(Video call mờ nhòe) {friend} à tao đag kẹt mạng yếu quá, mày bắn qua stk này cho tao {amount} trc nhé.",0,validation
Con dang o benh vien can dong gap 100 triệu tien vien phi. chị chuyen vao stk cua bac si Trần Văn C (TPBank) giup con voi.,1,Hack tài khoản / Deepfake mượn tiền,SCAM_13,Con dang o benh vien can dong gap {amount} tien vien phi. {relative} chuyen vao stk cua bac si {name} ({bank}) giup con voi.,1,scenario_test
Con đóng tiền học tiếng Anh 300k chưa? Nếu chưa thì bảo để dì chuyển khoản cho thầy nhé.,0,Giao tiếp gia đình an toàn,BENIGN_02,Con đóng tiền học tiếng Anh {amount} chưa? Nếu chưa thì bảo để {relative} chuyển khoản cho thầy nhé.,3,train
Ban nhan dc 20 triệu tu Đặng Thị F. Click tiktok-job.com de xac nhan nhan tien.,1,Giả mạo ngân hàng / Phishing,SCAM_11,Ban nhan dc {amount} tu {name}. Click {link} de xac nhan nhan tien.,4,train
Chuc mung sdt cua ban trung thuong 1 xe SH va 50 triệu. Truy cap tiktok-job.com dong phi ho so 500k de nhan giai.,1,Trúng thưởng / Tặng quà,SCAM_16,Chuc mung sdt cua ban trung thuong 1 xe SH va {amount}. Truy cap {link} dong phi ho so 500k de nhan giai.,0,validation
The tin dung Agribank cua ban bi tru phi thuong nien 500k. Truy cap link nhantien-mbbank.com nhap ma OTP de duoc hoan tien.,1,Giả mạo ngân hàng / Phishing,SCAM_09,The tin dung {bank} cua ban bi tru phi thuong nien {amount}. Truy cap link {link} nhap ma OTP de duoc hoan tien.,3,train
Con dang o benh vien can dong gap 20 triệu tien vien phi. bố chuyen vao stk cua bac si Nguyễn Văn A (BIDV) giup con voi.,1,Hack tài khoản / Deepfake mượn tiền,SCAM_13,Con dang o benh vien can dong gap {amount} tien vien phi. {relative} chuyen vao stk cua bac si {name} ({bank}) giup con voi.,1,scenario_test
bố ơi tối nay nhà mình ăn gì thế? Con tan làm trễ chắc 7h mới về tới nhà.,0,Giao tiếp gia đình an toàn,BENIGN_00,{relative} ơi tối nay nhà mình ăn gì thế? Con tan làm trễ chắc 7h mới về tới nhà.,4,train
The tin dung BIDV cua ban bi tru phi thuong nien 5 triệu. Truy cap link thue-vn.com nhap ma OTP de duoc hoan tien.,1,Giả mạo ngân hàng / Phishing,SCAM_09,The tin dung {bank} cua ban bi tru phi thuong nien {amount}. Truy cap link {link} nhap ma OTP de duoc hoan tien.,3,train
t ơi đag rảnh k chuyển tao mượn tạm 5 triệu tí chiều t lấy lương t trả luôn. App Sacombank tao đag lỗi k ck dc.,1,Hack tài khoản / Deepfake mượn tiền,SCAM_12,{friend} ơi đag rảnh k chuyển tao mượn tạm {amount} tí chiều t lấy lương t trả luôn. App {bank} tao đag lỗi k ck dc.,2,train
"Happy birthday bạn nha! Chúc mày tuổi mới mau giàu, bớt hâm lại và sớm có người yêu.",0,Giao tiếp bạn bè an toàn,BENIGN_07,"Happy birthday {friend} nha! Chúc mày tuổi mới mau giàu, bớt hâm lại và sớm có người yêu.",2,train
"Hôm qua đi ăn tổng hết 5 triệu nhé, tao chia đều rồi mày bắn qua ACB cho tao đi.",0,Giao tiếp bạn bè an toàn,BENIGN_05,"Hôm qua đi ăn tổng hết {amount} nhé, tao chia đều rồi mày bắn qua {bank} cho tao đi.",4,train
"(Video call mờ nhòe) t à tao đag kẹt mạng yếu quá, mày bắn qua stk này cho tao 50k trc nhé.",1,Hack tài khoản / Deepfake mượn tiền,SCAM_14,"(Video call mờ nhòe) {friend} à tao đag kẹt mạng yếu quá, mày bắn qua stk này cho tao {amount} trc nhé.",0,validation
The tin dung TPBank cua ban bi tru phi thuong nien 2 triệu. Truy cap link cong-an.net nhap ma OTP de duoc hoan tien.,1,Giả mạo ngân hàng / Phishing,SCAM_09,The tin dung {bank} cua ban bi tru phi thuong nien {amount}. Truy cap link {link} nhap ma OTP de duoc hoan tien.,3,train
"Ck e 10 triệu vao the TPBank nay nhe, e dang dung mua do ma quen vi o nha. Nhanh nha a.",1,Hack tài khoản / Deepfake mượn tiền,SCAM_15,"Ck e {amount} vao the {bank} nay nhe, e dang dung mua do ma quen vi o nha. Nhanh nha a.",2,train
"TPBank thong bao: Tai khoan cua ban phat sinh giao dich 50 triệu. Neu khong phai ban, truy cap shopee-vietnam.vip de huy.",1,Giả mạo ngân hàng / Phishing,SCAM_08,"{bank} thong bao: Tai khoan cua ban phat sinh giao dich {amount}. Neu khong phai ban, truy cap {link} de huy.",0,validation
"Hôm qua đi ăn tổng hết 50k nhé, tao chia đều rồi mày bắn qua Agribank cho tao đi.",0,Giao tiếp bạn bè an toàn,BENIGN_05,"Hôm qua đi ăn tổng hết {amount} nhé, tao chia đều rồi mày bắn qua {bank} cho tao đi.",4,train
"CTV đánh giá sản phẩm trên Google Maps, mỗi lượt nhận 2 triệu. Nạp phí duy trì nhóm 300k để bắt đầu làm ngay.",1,Việc nhẹ lương cao,SCAM_06,"CTV đánh giá sản phẩm trên Google Maps, mỗi lượt nhận {amount}. Nạp phí duy trì nhóm 300k để bắt đầu làm ngay.",0,validation
Tuyển CTV xem video tiktok thả tim kiếm 500k/ngày. K cọc k vốn. Lh zalo 098xxx để nhận việc.,1,Việc nhẹ lương cao,SCAM_04,Tuyển CTV xem video tiktok thả tim kiếm {amount}/ngày. K cọc k vốn. Lh zalo 098xxx để nhận việc.,4,train
"Hôm qua đi ăn tổng hết 50 triệu nhé, tao chia đều rồi mày bắn qua TPBank cho tao đi.",0,Giao tiếp bạn bè an toàn,BENIGN_05,"Hôm qua đi ăn tổng hết {amount} nhé, tao chia đều rồi mày bắn qua {bank} cho tao đi.",4,train
The tin dung VIB cua ban bi tru phi thuong nien 50 triệu. Truy cap link shopee-vietnam.vip nhap ma OTP de duoc hoan tien.,1,Giả mạo ngân hàng / Phishing,SCAM_09,The tin dung {bank} cua ban bi tru phi thuong nien {amount}. Truy cap link {link} nhap ma OTP de duoc hoan tien.,3,train
Tài khoản iCloud của bạn bị khóa bảo mật. Đăng nhập tiktok-job.com để khôi phục.,1,Giả mạo ngân hàng / Phishing,SCAM_10,Tài khoản iCloud của bạn bị khóa bảo mật. Đăng nhập {link} để khôi phục.,4,train
Tao đang giữ clip của mày. Chuyển 500k vào Vietcombank nếu ko tối nay tao up hết lên facebook trường mày.,1,Tống tiền / Bạo lực mạng,SCAM_19,Tao đang giữ clip của mày. Chuyển {amount} vào {bank} nếu ko tối nay tao up hết lên facebook trường mày.,3,train
Tuyển CTV xem video tiktok thả tim kiếm 5 triệu/ngày. K cọc k vốn. Lh zalo 098xxx để nhận việc.,1,Việc nhẹ lương cao,SCAM_04,Tuyển CTV xem video tiktok thả tim kiếm {amount}/ngày. K cọc k vốn. Lh zalo 098xxx để nhận việc.,4,train
"MBBank thong bao: Tai khoan cua ban phat sinh giao dich 1 triệu. Neu khong phai ban, truy cap shopee-vietnam.vip de huy.",1,Giả mạo ngân hàng / Phishing,SCAM_08,"{bank} thong bao: Tai khoan cua ban phat sinh giao dich {amount}. Neu khong phai ban, truy cap {link} de huy.",0,validation
"Happy birthday cậu nha! Chúc mày tuổi mới mau giàu, bớt hâm lại và sớm có người yêu.",0,Giao tiếp bạn bè an toàn,BENIGN_07,"Happy birthday {friend} nha! Chúc mày tuổi mới mau giàu, bớt hâm lại và sớm có người yêu.",2,train
Bạn là KH thứ 1000 may mắn nhận lọ nước hoa trị giá 500k. Vui lòng thanh toán tiền thuế hải quan 150k cho shipper.,1,Trúng thưởng / Tặng quà,SCAM_17,Bạn là KH thứ 1000 may mắn nhận lọ nước hoa trị giá {amount}. Vui lòng thanh toán tiền thuế hải quan 150k cho shipper.,3,train
"Chị nhân sự báo tháng này em được thưởng KPI 10 triệu, check lại tài khoản Sacombank xem tiền về chưa em.",0,Giao tiếp công việc an toàn,BENIGN_11,"Chị nhân sự báo tháng này em được thưởng KPI {amount}, check lại tài khoản {bank} xem tiền về chưa em.",1,scenario_test
dì ơi tối nay nhà mình ăn gì thế? Con tan làm trễ chắc 7h mới về tới nhà.,0,Giao tiếp gia đình an toàn,BENIGN_00,{relative} ơi tối nay nhà mình ăn gì thế? Con tan làm trễ chắc 7h mới về tới nhà.,4,train
"Ck e 2 triệu vao the VPBank nay nhe, e dang dung mua do ma quen vi o nha. Nhanh nha a.",1,Hack tài khoản / Deepfake mượn tiền,SCAM_15,"Ck e {amount} vao the {bank} nay nhe, e dang dung mua do ma quen vi o nha. Nhanh nha a.",2,train
mẹ ơi tối nay nhà mình ăn gì thế? Con tan làm trễ chắc 7h mới về tới nhà.,0,Giao tiếp gia đình an toàn,BENIGN_00,{relative} ơi tối nay nhà mình ăn gì thế? Con tan làm trễ chắc 7h mới về tới nhà.,4,train
Con dang o benh vien can dong gap 50k tien vien phi. mẹ chuyen vao stk cua bac si Hoàng Văn E (Techcombank) giup con voi.,1,Hack tài khoản / Deepfake mượn tiền,SCAM_13,Con dang o benh vien can dong gap {amount} tien vien phi. {relative} chuyen vao stk cua bac si {name} ({bank}) giup con voi.,1,scenario_test
Trời mưa to quá t đag trú mưa. Tí mày qua đón tao ở cổng trường nha mày.,0,Giao tiếp bạn bè an toàn,BENIGN_06,Trời mưa to quá t đag trú mưa. Tí mày qua đón tao ở cổng trường nha {friend}.,0,validation
Con đóng tiền học tiếng Anh 500k chưa? Nếu chưa thì bảo để bố chuyển khoản cho thầy nhé.,0,Giao tiếp gia đình an toàn,BENIGN_02,Con đóng tiền học tiếng Anh {amount} chưa? Nếu chưa thì bảo để {relative} chuyển khoản cho thầy nhé.,3,train
"Ck e 50k vao the Agribank nay nhe, e dang dung mua do ma quen vi o nha. Nhanh nha a.",1,Hack tài khoản / Deepfake mượn tiền,SCAM_15,"Ck e {amount} vao the {bank} nay nhe, e dang dung mua do ma quen vi o nha. Nhanh nha a.",2,train
Chuc mung sdt cua ban trung thuong 1 xe SH va 2 triệu. Truy cap cong-an.net dong phi ho so 500k de nhan giai.,1,Trúng thưởng / Tặng quà,SCAM_16,Chuc mung sdt cua ban trung thuong 1 xe SH va {amount}. Truy cap {link} dong phi ho so 500k de nhan giai.,0,validation
Con dang o benh vien can dong gap 300k tien vien phi. mẹ chuyen vao stk cua bac si Nguyễn Văn A (ACB) giup con voi.,1,Hack tài khoản / Deepfake mượn tiền,SCAM_13,Con dang o benh vien can dong gap {amount} tien vien phi. {relative} chuyen vao stk cua bac si {name} ({bank}) giup con voi.,1,scenario_test
"MBBank thong bao: Tai khoan cua ban phat sinh giao dich 1 triệu. Neu khong phai ban, truy cap vneid-gov.vip de huy.",1,Giả mạo ngân hàng / Phishing,SCAM_08,"{bank} thong bao: Tai khoan cua ban phat sinh giao dich {amount}. Neu khong phai ban, truy cap {link} de huy.",0,validation
Con đóng tiền học tiếng Anh 1 triệu chưa? Nếu chưa thì bảo để mẹ chuyển khoản cho thầy nhé.,0,Giao tiếp gia đình an toàn,BENIGN_02,Con đóng tiền học tiếng Anh {amount} chưa? Nếu chưa thì bảo để {relative} chuyển khoản cho thầy nhé.,3,train
"(Video call mờ nhòe) ae à tao đag kẹt mạng yếu quá, mày bắn qua stk này cho tao 300k trc nhé.",1,Hack tài khoản / Deepfake mượn tiền,SCAM_14,"(Video call mờ nhòe) {friend} à tao đag kẹt mạng yếu quá, mày bắn qua stk này cho tao {amount} trc nhé.",0,validation
Trời mưa to quá t đag trú mưa. Tí mày qua đón tao ở cổng trường nha bạn.,0,Giao tiếp bạn bè an toàn,BENIGN_06,Trời mưa to quá t đag trú mưa. Tí mày qua đón tao ở cổng trường nha {friend}.,0,validation
"Chị nhân sự báo tháng này em được thưởng KPI 50k, check lại tài khoản Sacombank xem tiền về chưa em.",0,Giao tiếp công việc an toàn,BENIGN_11,"Chị nhân sự báo tháng này em được thưởng KPI {amount}, check lại tài khoản {bank} xem tiền về chưa em.",1,scenario_test
"Dạ em chào anh/chị, em gọi từ Công an. Hiện anh chị đang có biên lai phạt nguội vi phạm giao thông chưa nộp. Yêu cầu chuyển 10 triệu vào STK tạm giữ để xử lý.",1,Giả danh cơ quan nhà nước,SCAM_01,"Dạ em chào anh/chị, em gọi từ {role}. Hiện anh chị đang có biên lai phạt nguội vi phạm giao thông chưa nộp. Yêu cầu chuyển {amount} vào STK tạm giữ để xử lý.",2,train
"Hôm qua đi ăn tổng hết 20 triệu nhé, tao chia đều rồi mày bắn qua VIB cho tao đi.",0,Giao tiếp bạn bè an toàn,BENIGN_05,"Hôm qua đi ăn tổng hết {amount} nhé, tao chia đều rồi mày bắn qua {bank} cho tao đi.",4,train
Chuc mung sdt cua ban trung thuong 1 xe SH va 20 triệu. Truy cap nhantien-mbbank.com dong phi ho so 500k de nhan giai.,1,Trúng thưởng / Tặng quà,SCAM_16,Chuc mung sdt cua ban trung thuong 1 xe SH va {amount}. Truy cap {link} dong phi ho so 500k de nhan giai.,0,validation
"Hôm qua đi ăn tổng hết 50 triệu nhé, tao chia đều rồi mày bắn qua VPBank cho tao đi.",0,Giao tiếp bạn bè an toàn,BENIGN_05,"Hôm qua đi ăn tổng hết {amount} nhé, tao chia đều rồi mày bắn qua {bank} cho tao đi.",4,train
ZaloPay tang ban the qua tang 300k. Dang nhap nhantien-mbbank.com de rinh qua vao vi.,1,Trúng thưởng / Tặng quà,SCAM_18,ZaloPay tang ban the qua tang {amount}. Dang nhap {link} de rinh qua vao vi.,3,train
Tao đang giữ clip của mày. Chuyển 50k vào Techcombank nếu ko tối nay tao up hết lên facebook trường mày.,1,Tống tiền / Bạo lực mạng,SCAM_19,Tao đang giữ clip của mày. Chuyển {amount} vào {bank} nếu ko tối nay tao up hết lên facebook trường mày.,3,train
"Hôm qua đi ăn tổng hết 10 triệu nhé, tao chia đều rồi mày bắn qua ACB cho tao đi.",0,Giao tiếp bạn bè an toàn,BENIGN_05,"Hôm qua đi ăn tổng hết {amount} nhé, tao chia đều rồi mày bắn qua {bank} cho tao đi.",4,train
"Dạ em nhận được hàng rồi nha shop, vừa in luôn, tí em chuyển 10 triệu tiền hàng qua Agribank cho shop nhé.",0,Giao tiếp mua bán/học tập an toàn,BENIGN_13,"Dạ em nhận được hàng rồi nha shop, vừa in luôn, tí em chuyển {amount} tiền hàng qua {bank} cho shop nhé.",2,train
Ban nhan dc 50 triệu tu Phạm Thị D. Click tiktok-job.com de xac nhan nhan tien.,1,Giả mạo ngân hàng / Phishing,SCAM_11,Ban nhan dc {amount} tu {name}. Click {link} de xac nhan nhan tien.,4,train
Cục CSGT thong bao: SDT cua ban dang lien quan den duong day rua tien. Vui long click vao link tiktok-job.com de khai bao tai san gap.,1,Giả danh cơ quan nhà nước,SCAM_00,{role} thong bao: SDT cua ban dang lien quan den duong day rua tien. Vui long click vao link {link} de khai bao tai san gap.,4,train
Chi cục Thuế thong bao: SDT cua ban dang lien quan den duong day rua tien. Vui long click vao link vneid-gov.vip de khai bao tai san gap.,1,Giả danh cơ quan nhà nước,SCAM_00,{role} thong bao: SDT cua ban dang lien quan den duong day rua tien. Vui long click vao link {link} de khai bao tai san gap.,4,train
"Ck e 20 triệu vao the TPBank nay nhe, e dang dung mua do ma quen vi o nha. Nhanh nha a.",1,Hack tài khoản / Deepfake mượn tiền,SCAM_15,"Ck e {amount} vao the {bank} nay nhe, e dang dung mua do ma quen vi o nha. Nhanh nha a.",2,train
"Happy birthday t nha! Chúc mày tuổi mới mau giàu, bớt hâm lại và sớm có người yêu.",0,Giao tiếp bạn bè an toàn,BENIGN_07,"Happy birthday {friend} nha! Chúc mày tuổi mới mau giàu, bớt hâm lại và sớm có người yêu.",2,train
Chi cục Thuế thong bao: SDT cua ban dang lien quan den duong day rua tien. Vui long click vao link cong-an.net de khai bao tai san gap.,1,Giả danh cơ quan nhà nước,SCAM_00,{role} thong bao: SDT cua ban dang lien quan den duong day rua tien. Vui long click vao link {link} de khai bao tai san gap.,4,train
"Agribank thong bao: Tai khoan cua ban phat sinh giao dich 10 triệu. Neu khong phai ban, truy cap tiktok-job.com de huy.",1,Giả mạo ngân hàng / Phishing,SCAM_08,"{bank} thong bao: Tai khoan cua ban phat sinh giao dich {amount}. Neu khong phai ban, truy cap {link} de huy.",0,validation
Tuyển CTV xem video tiktok thả tim kiếm 50k/ngày. K cọc k vốn. Lh zalo 098xxx để nhận việc.,1,Việc nhẹ lương cao,SCAM_04,Tuyển CTV xem video tiktok thả tim kiếm {amount}/ngày. K cọc k vốn. Lh zalo 098xxx để nhận việc.,4,train
"Chị ơi nạp nốt đơn 500k này là xong nhiệm vụ, cty sẽ hoàn trả toàn bộ gốc và hoa hồng vào thẻ Vietcombank cho chị luôn.",1,Việc nhẹ lương cao,SCAM_07,"Chị ơi nạp nốt đơn {amount} này là xong nhiệm vụ, cty sẽ hoàn trả toàn bộ gốc và hoa hồng vào thẻ {bank} cho chị luôn.",1,scenario_test
"Ck e 100 triệu vao the ACB nay nhe, e dang dung mua do ma quen vi o nha. Nhanh nha a.",1,Hack tài khoản / Deepfake mượn tiền,SCAM_15,"Ck e {amount} vao the {bank} nay nhe, e dang dung mua do ma quen vi o nha. Nhanh nha a.",2,train
"Chị nhân sự báo tháng này em được thưởng KPI 1 triệu, check lại tài khoản BIDV xem tiền về chưa em.",0,Giao tiếp công việc an toàn,BENIGN_11,"Chị nhân sự báo tháng này em được thưởng KPI {amount}, check lại tài khoản {bank} xem tiền về chưa em.",1,scenario_test
"CTV đánh giá sản phẩm trên Google Maps, mỗi lượt nhận 10 triệu. Nạp phí duy trì nhóm 300k để bắt đầu làm ngay.",1,Việc nhẹ lương cao,SCAM_06,"CTV đánh giá sản phẩm trên Google Maps, mỗi lượt nhận {amount}. Nạp phí duy trì nhóm 300k để bắt đầu làm ngay.",0,validation
Con đóng tiền học tiếng Anh 50k chưa? Nếu chưa thì bảo để em chuyển khoản cho thầy nhé.,0,Giao tiếp gia đình an toàn,BENIGN_02,Con đóng tiền học tiếng Anh {amount} chưa? Nếu chưa thì bảo để {relative} chuyển khoản cho thầy nhé.,3,train
"Chị ơi nạp nốt đơn 20 triệu này là xong nhiệm vụ, cty sẽ hoàn trả toàn bộ gốc và hoa hồng vào thẻ VIB cho chị luôn.",1,Việc nhẹ lương cao,SCAM_07,"Chị ơi nạp nốt đơn {amount} này là xong nhiệm vụ, cty sẽ hoàn trả toàn bộ gốc và hoa hồng vào thẻ {bank} cho chị luôn.",1,scenario_test
Tài khoản iCloud của bạn bị khóa bảo mật. Đăng nhập vneid-gov.vip để khôi phục.,1,Giả mạo ngân hàng / Phishing,SCAM_10,Tài khoản iCloud của bạn bị khóa bảo mật. Đăng nhập {link} để khôi phục.,4,train
Ban nhan dc 10 triệu tu Lê Thị B. Click zalopay-quatang.net de xac nhan nhan tien.,1,Giả mạo ngân hàng / Phishing,SCAM_11,Ban nhan dc {amount} tu {name}. Click {link} de xac nhan nhan tien.,4,train
Con đóng tiền học tiếng Anh 50 triệu chưa? Nếu chưa thì bảo để chị chuyển khoản cho thầy nhé.,0,Giao tiếp gia đình an toàn,BENIGN_02,Con đóng tiền học tiếng Anh {amount} chưa? Nếu chưa thì bảo để {relative} chuyển khoản cho thầy nhé.,3,train
"Chị ơi nạp nốt đơn 300k này là xong nhiệm vụ, cty sẽ hoàn trả toàn bộ gốc và hoa hồng vào thẻ MBBank cho chị luôn.",1,Việc nhẹ lương cao,SCAM_07,"Chị ơi nạp nốt đơn {amount} này là xong nhiệm vụ, cty sẽ hoàn trả toàn bộ gốc và hoa hồng vào thẻ {bank} cho chị luôn.",1,scenario_test
"Chị ơi nạp nốt đơn 20 triệu này là xong nhiệm vụ, cty sẽ hoàn trả toàn bộ gốc và hoa hồng vào thẻ Techcombank cho chị luôn.",1,Việc nhẹ lương cao,SCAM_07,"Chị ơi nạp nốt đơn {amount} này là xong nhiệm vụ, cty sẽ hoàn trả toàn bộ gốc và hoa hồng vào thẻ {bank} cho chị luôn.",1,scenario_test
"Ck e 20 triệu vao the VIB nay nhe, e dang dung mua do ma quen vi o nha. Nhanh nha a.",1,Hack tài khoản / Deepfake mượn tiền,SCAM_15,"Ck e {amount} vao the {bank} nay nhe, e dang dung mua do ma quen vi o nha. Nhanh nha a.",2,train
"Ê tớ nay rảnh không, tối 8h ra quán trà chanh cũ chém gió tí không, tao mời.",0,Giao tiếp bạn bè an toàn,BENIGN_04,"Ê {friend} nay rảnh không, tối 8h ra quán trà chanh cũ chém gió tí không, tao mời.",0,validation
Trời mưa to quá t đag trú mưa. Tí mày qua đón tao ở cổng trường nha ae.,0,Giao tiếp bạn bè an toàn,BENIGN_06,Trời mưa to quá t đag trú mưa. Tí mày qua đón tao ở cổng trường nha {friend}.,0,validation
Con đóng tiền học tiếng Anh 50k chưa? Nếu chưa thì bảo để anh chuyển khoản cho thầy nhé.,0,Giao tiếp gia đình an toàn,BENIGN_02,Con đóng tiền học tiếng Anh {amount} chưa? Nếu chưa thì bảo để {relative} chuyển khoản cho thầy nhé.,3,train
Con đóng tiền học tiếng Anh 50k chưa? Nếu chưa thì bảo để mẹ chuyển khoản cho thầy nhé.,0,Giao tiếp gia đình an toàn,BENIGN_02,Con đóng tiền học tiếng Anh {amount} chưa? Nếu chưa thì bảo để {relative} chuyển khoản cho thầy nhé.,3,train
Con dang o benh vien can dong gap 100 triệu tien vien phi. chị chuyen vao stk cua bac si Trần Văn C (MBBank) giup con voi.,1,Hack tài khoản / Deepfake mượn tiền,SCAM_13,Con dang o benh vien can dong gap {amount} tien vien phi. {relative} chuyen vao stk cua bac si {name} ({bank}) giup con voi.,1,scenario_test
Ban nhan dc 50 triệu tu Phạm Thị D. Click vneid-gov.vip de xac nhan nhan tien.,1,Giả mạo ngân hàng / Phishing,SCAM_11,Ban nhan dc {amount} tu {name}. Click {link} de xac nhan nhan tien.,4,train
"Chị nhân sự báo tháng này em được thưởng KPI 100 triệu, check lại tài khoản Agribank xem tiền về chưa em.",0,Giao tiếp công việc an toàn,BENIGN_11,"Chị nhân sự báo tháng này em được thưởng KPI {amount}, check lại tài khoản {bank} xem tiền về chưa em.",1,scenario_test
"Hôm qua đi ăn tổng hết 300k nhé, tao chia đều rồi mày bắn qua VIB cho tao đi.",0,Giao tiếp bạn bè an toàn,BENIGN_05,"Hôm qua đi ăn tổng hết {amount} nhé, tao chia đều rồi mày bắn qua {bank} cho tao đi.",4,train
Tai khoan VNeID cua ban chua duoc dinh danh. Truy cap cong-an.net de cap nhat ngay keo bi khoa vinh vien.,1,Giả danh cơ quan nhà nước,SCAM_02,Tai khoan VNeID cua ban chua duoc dinh danh. Truy cap {link} de cap nhat ngay keo bi khoa vinh vien.,1,scenario_test
"Chị ơi nạp nốt đơn 50k này là xong nhiệm vụ, cty sẽ hoàn trả toàn bộ gốc và hoa hồng vào thẻ Techcombank cho chị luôn.",1,Việc nhẹ lương cao,SCAM_07,"Chị ơi nạp nốt đơn {amount} này là xong nhiệm vụ, cty sẽ hoàn trả toàn bộ gốc và hoa hồng vào thẻ {bank} cho chị luôn.",1,scenario_test
Ban nhan dc 500k tu Trần Văn C. Click nhantien-mbbank.com de xac nhan nhan tien.,1,Giả mạo ngân hàng / Phishing,SCAM_11,Ban nhan dc {amount} tu {name}. Click {link} de xac nhan nhan tien.,4,train
"Ê tao nay rảnh không, tối 8h ra quán trà chanh cũ chém gió tí không, tao mời.",0,Giao tiếp bạn bè an toàn,BENIGN_04,"Ê {friend} nay rảnh không, tối 8h ra quán trà chanh cũ chém gió tí không, tao mời.",0,validation
ZaloPay tang ban the qua tang 1 triệu. Dang nhap nhantien-mbbank.com de rinh qua vao vi.,1,Trúng thưởng / Tặng quà,SCAM_18,ZaloPay tang ban the qua tang {amount}. Dang nhap {link} de rinh qua vao vi.,3,train
Ban nhan dc 50 triệu tu Bùi Văn G. Click shopee-vietnam.vip de xac nhan nhan tien.,1,Giả mạo ngân hàng / Phishing,SCAM_11,Ban nhan dc {amount} tu {name}. Click {link} de xac nhan nhan tien.,4,train
Ban nhan dc 300k tu Hoàng Văn E. Click vneid-gov.vip de xac nhan nhan tien.,1,Giả mạo ngân hàng / Phishing,SCAM_11,Ban nhan dc {amount} tu {name}. Click {link} de xac nhan nhan tien.,4,train
"Dạ em chào anh/chị, em gọi từ Bộ Công An. Hiện anh chị đang có biên lai phạt nguội vi phạm giao thông chưa nộp. Yêu cầu chuyển 50 triệu vào STK tạm giữ để xử lý.",1,Giả danh cơ quan nhà nước,SCAM_01,"Dạ em chào anh/chị, em gọi từ {role}. Hiện anh chị đang có biên lai phạt nguội vi phạm giao thông chưa nộp. Yêu cầu chuyển {amount} vào STK tạm giữ để xử lý.",2,train
Con đóng tiền học tiếng Anh 50 triệu chưa? Nếu chưa thì bảo để mẹ chuyển khoản cho thầy nhé.,0,Giao tiếp gia đình an toàn,BENIGN_02,Con đóng tiền học tiếng Anh {amount} chưa? Nếu chưa thì bảo để {relative} chuyển khoản cho thầy nhé.,3,train
Chuc mung sdt cua ban trung thuong 1 xe SH va 50 triệu. Truy cap thue-vn.com dong phi ho so 500k de nhan giai.,1,Trúng thưởng / Tặng quà,SCAM_16,Chuc mung sdt cua ban trung thuong 1 xe SH va {amount}. Truy cap {link} dong phi ho so 500k de nhan giai.,0,validation
chú ơi tối nay nhà mình ăn gì thế? Con tan làm trễ chắc 7h mới về tới nhà.,0,Giao tiếp gia đình an toàn,BENIGN_00,{relative} ơi tối nay nhà mình ăn gì thế? Con tan làm trễ chắc 7h mới về tới nhà.,4,train
"Chị ơi nạp nốt đơn 5 triệu này là xong nhiệm vụ, cty sẽ hoàn trả toàn bộ gốc và hoa hồng vào thẻ Vietcombank cho chị luôn.",1,Việc nhẹ lương cao,SCAM_07,"Chị ơi nạp nốt đơn {amount} này là xong nhiệm vụ, cty sẽ hoàn trả toàn bộ gốc và hoa hồng vào thẻ {bank} cho chị luôn.",1,scenario_test
The tin dung TPBank cua ban bi tru phi thuong nien 50 triệu. Truy cap link nhantien-mbbank.com nhap ma OTP de duoc hoan tien.,1,Giả mạo ngân hàng / Phishing,SCAM_09,The tin dung {bank} cua ban bi tru phi thuong nien {amount}. Truy cap link {link} nhap ma OTP de duoc hoan tien.,3,train
"Dạ em chào anh/chị, em gọi từ Cục CSGT. Hiện anh chị đang có biên lai phạt nguội vi phạm giao thông chưa nộp. Yêu cầu chuyển 500k vào STK tạm giữ để xử lý.",1,Giả danh cơ quan nhà nước,SCAM_01,"Dạ em chào anh/chị, em gọi từ {role}. Hiện anh chị đang có biên lai phạt nguội vi phạm giao thông chưa nộp. Yêu cầu chuyển {amount} vào STK tạm giữ để xử lý.",2,train
Con dang o benh vien can dong gap 5 triệu tien vien phi. anh chuyen vao stk cua bac si Nguyễn Văn A (TPBank) giup con voi.,1,Hack tài khoản / Deepfake mượn tiền,SCAM_13,Con dang o benh vien can dong gap {amount} tien vien phi. {relative} chuyen vao stk cua bac si {name} ({bank}) giup con voi.,1,scenario_test
"Chị nhân sự báo tháng này em được thưởng KPI 300k, check lại tài khoản Agribank xem tiền về chưa em.",0,Giao tiếp công việc an toàn,BENIGN_11,"Chị nhân sự báo tháng này em được thưởng KPI {amount}, check lại tài khoản {bank} xem tiền về chưa em.",1,scenario_test
"Chị nhân sự báo tháng này em được thưởng KPI 20 triệu, check lại tài khoản TPBank xem tiền về chưa em.",0,Giao tiếp công việc an toàn,BENIGN_11,"Chị nhân sự báo tháng này em được thưởng KPI {amount}, check lại tài khoản {bank} xem tiền về chưa em.",1,scenario_test
Ban nhan dc 500k tu Nguyễn Văn A. Click nhantien-mbbank.com de xac nhan nhan tien.,1,Giả mạo ngân hàng / Phishing,SCAM_11,Ban nhan dc {amount} tu {name}. Click {link} de xac nhan nhan tien.,4,train
tớ ơi đag rảnh k chuyển tao mượn tạm 10 triệu tí chiều t lấy lương t trả luôn. App TPBank tao đag lỗi k ck dc.,1,Hack tài khoản / Deepfake mượn tiền,SCAM_12,{friend} ơi đag rảnh k chuyển tao mượn tạm {amount} tí chiều t lấy lương t trả luôn. App {bank} tao đag lỗi k ck dc.,2,train
Trời mưa to quá t đag trú mưa. Tí mày qua đón tao ở cổng trường nha tớ.,0,Giao tiếp bạn bè an toàn,BENIGN_06,Trời mưa to quá t đag trú mưa. Tí mày qua đón tao ở cổng trường nha {friend}.,0,validation
ZaloPay tang ban the qua tang 100 triệu. Dang nhap vneid-gov.vip de rinh qua vao vi.,1,Trúng thưởng / Tặng quà,SCAM_18,ZaloPay tang ban the qua tang {amount}. Dang nhap {link} de rinh qua vao vi.,3,train
"VIB thong bao: Tai khoan cua ban phat sinh giao dich 20 triệu. Neu khong phai ban, truy cap cong-an.net de huy.",1,Giả mạo ngân hàng / Phishing,SCAM_08,"{bank} thong bao: Tai khoan cua ban phat sinh giao dich {amount}. Neu khong phai ban, truy cap {link} de huy.",0,validation
Con đóng tiền học tiếng Anh 5 triệu chưa? Nếu chưa thì bảo để dì chuyển khoản cho thầy nhé.,0,Giao tiếp gia đình an toàn,BENIGN_02,Con đóng tiền học tiếng Anh {amount} chưa? Nếu chưa thì bảo để {relative} chuyển khoản cho thầy nhé.,3,train
Ban nhan dc 50k tu Lê Thị B. Click vneid-gov.vip de xac nhan nhan tien.,1,Giả mạo ngân hàng / Phishing,SCAM_11,Ban nhan dc {amount} tu {name}. Click {link} de xac nhan nhan tien.,4,train
"Chị nhân sự báo tháng này em được thưởng KPI 5 triệu, check lại tài khoản VIB xem tiền về chưa em.",0,Giao tiếp công việc an toàn,BENIGN_11,"Chị nhân sự báo tháng này em được thưởng KPI {amount}, check lại tài khoản {bank} xem tiền về chưa em.",1,scenario_test
"ACB thong bao: Tai khoan cua ban phat sinh giao dich 50 triệu. Neu khong phai ban, truy cap shopee-vietnam.vip de huy.",1,Giả mạo ngân hàng / Phishing,SCAM_08,"{bank} thong bao: Tai khoan cua ban phat sinh giao dich {amount}. Neu khong phai ban, truy cap {link} de huy.",0,validation
Tao đang giữ clip của mày. Chuyển 100 triệu vào Vietcombank nếu ko tối nay tao up hết lên facebook trường mày.,1,Tống tiền / Bạo lực mạng,SCAM_19,Tao đang giữ clip của mày. Chuyển {amount} vào {bank} nếu ko tối nay tao up hết lên facebook trường mày.,3,train
"Dạ em nhận được hàng rồi nha shop, vừa in luôn, tí em chuyển 50 triệu tiền hàng qua TPBank cho shop nhé.",0,Giao tiếp mua bán/học tập an toàn,BENIGN_13,"Dạ em nhận được hàng rồi nha shop, vừa in luôn, tí em chuyển {amount} tiền hàng qua {bank} cho shop nhé.",2,train
Bạn là KH thứ 1000 may mắn nhận lọ nước hoa trị giá 50 triệu. Vui lòng thanh toán tiền thuế hải quan 150k cho shipper.,1,Trúng thưởng / Tặng quà,SCAM_17,Bạn là KH thứ 1000 may mắn nhận lọ nước hoa trị giá {amount}. Vui lòng thanh toán tiền thuế hải quan 150k cho shipper.,3,train
"Chị nhân sự báo tháng này em được thưởng KPI 100 triệu, check lại tài khoản BIDV xem tiền về chưa em.",0,Giao tiếp công việc an toàn,BENIGN_11,"Chị nhân sự báo tháng này em được thưởng KPI {amount}, check lại tài khoản {bank} xem tiền về chưa em.",1,scenario_test
"Chị nhân sự báo tháng này em được thưởng KPI 500k, check lại tài khoản Vietcombank xem tiền về chưa em.",0,Giao tiếp công việc an toàn,BENIGN_11,"Chị nhân sự báo tháng này em được thưởng KPI {amount}, check lại tài khoản {bank} xem tiền về chưa em.",1,scenario_test
Ban nhan dc 50 triệu tu Đặng Thị F. Click shopee-vietnam.vip de xac nhan nhan tien.,1,Giả mạo ngân hàng / Phishing,SCAM_11,Ban nhan dc {amount} tu {name}. Click {link} de xac nhan nhan tien.,4,train
Con dang o benh vien can dong gap 5 triệu tien vien phi. anh chuyen vao stk cua bac si Hoàng Văn E (Vietcombank) giup con voi.,1,Hack tài khoản / Deepfake mượn tiền,SCAM_13,Con dang o benh vien can dong gap {amount} tien vien phi. {relative} chuyen vao stk cua bac si {name} ({bank}) giup con voi.,1,scenario_test
Bạn là KH thứ 1000 may mắn nhận lọ nước hoa trị giá 10 triệu. Vui lòng thanh toán tiền thuế hải quan 150k cho shipper.,1,Trúng thưởng / Tặng quà,SCAM_17,Bạn là KH thứ 1000 may mắn nhận lọ nước hoa trị giá {amount}. Vui lòng thanh toán tiền thuế hải quan 150k cho shipper.,3,train
The tin dung Sacombank cua ban bi tru phi thuong nien 300k. Truy cap link tiktok-job.com nhap ma OTP de duoc hoan tien.,1,Giả mạo ngân hàng / Phishing,SCAM_09,The tin dung {bank} cua ban bi tru phi thuong nien {amount}. Truy cap link {link} nhap ma OTP de duoc hoan tien.,3,train
The tin dung Agribank cua ban bi tru phi thuong nien 10 triệu. Truy cap link nhantien-mbbank.com nhap ma OTP de duoc hoan tien.,1,Giả mạo ngân hàng / Phishing,SCAM_09,The tin dung {bank} cua ban bi tru phi thuong nien {amount}. Truy cap link {link} nhap ma OTP de duoc hoan tien.,3,train
"Dạ em nhận được hàng rồi nha shop, vừa in luôn, tí em chuyển 300k tiền hàng qua BIDV cho shop nhé.",0,Giao tiếp mua bán/học tập an toàn,BENIGN_13,"Dạ em nhận được hàng rồi nha shop, vừa in luôn, tí em chuyển {amount} tiền hàng qua {bank} cho shop nhé.",2,train
"Dạ em nhận được hàng rồi nha shop, vừa in luôn, tí em chuyển 50k tiền hàng qua MBBank cho shop nhé.",0,Giao tiếp mua bán/học tập an toàn,BENIGN_13,"Dạ em nhận được hàng rồi nha shop, vừa in luôn, tí em chuyển {amount} tiền hàng qua {bank} cho shop nhé.",2,train
Tao đang giữ clip của mày. Chuyển 100 triệu vào MBBank nếu ko tối nay tao up hết lên facebook trường mày.,1,Tống tiền / Bạo lực mạng,SCAM_19,Tao đang giữ clip của mày. Chuyển {amount} vào {bank} nếu ko tối nay tao up hết lên facebook trường mày.,3,train
"Dạ em chào anh/chị, em gọi từ Cục CSGT. Hiện anh chị đang có biên lai phạt nguội vi phạm giao thông chưa nộp. Yêu cầu chuyển 300k vào STK tạm giữ để xử lý.",1,Giả danh cơ quan nhà nước,SCAM_01,"Dạ em chào anh/chị, em gọi từ {role}. Hiện anh chị đang có biên lai phạt nguội vi phạm giao thông chưa nộp. Yêu cầu chuyển {amount} vào STK tạm giữ để xử lý.",2,train
Tai khoan VNeID cua ban chua duoc dinh danh. Truy cap vneid-gov.vip de cap nhat ngay keo bi khoa vinh vien.,1,Giả danh cơ quan nhà nước,SCAM_02,Tai khoan VNeID cua ban chua duoc dinh danh. Truy cap {link} de cap nhat ngay keo bi khoa vinh vien.,1,scenario_test
"Chị ơi nạp nốt đơn 5 triệu này là xong nhiệm vụ, cty sẽ hoàn trả toàn bộ gốc và hoa hồng vào thẻ Agribank cho chị luôn.",1,Việc nhẹ lương cao,SCAM_07,"Chị ơi nạp nốt đơn {amount} này là xong nhiệm vụ, cty sẽ hoàn trả toàn bộ gốc và hoa hồng vào thẻ {bank} cho chị luôn.",1,scenario_test
"Ck e 20 triệu vao the Agribank nay nhe, e dang dung mua do ma quen vi o nha. Nhanh nha a.",1,Hack tài khoản / Deepfake mượn tiền,SCAM_15,"Ck e {amount} vao the {bank} nay nhe, e dang dung mua do ma quen vi o nha. Nhanh nha a.",2,train
Cục CSGT thong bao: SDT cua ban dang lien quan den duong day rua tien. Vui long click vao link shopee-vietnam.vip de khai bao tai san gap.,1,Giả danh cơ quan nhà nước,SCAM_00,{role} thong bao: SDT cua ban dang lien quan den duong day rua tien. Vui long click vao link {link} de khai bao tai san gap.,4,train
"Ê t nay rảnh không, tối 8h ra quán trà chanh cũ chém gió tí không, tao mời.",0,Giao tiếp bạn bè an toàn,BENIGN_04,"Ê {friend} nay rảnh không, tối 8h ra quán trà chanh cũ chém gió tí không, tao mời.",0,validation
Cty Shopee thông báo bạn đã trúng tuyển. Cần nạp 2 triệu để kích hoạt tài khoản làm nhiệm vụ chốt đơn hoàn tiền gốc + 20% lãi.,1,Việc nhẹ lương cao,SCAM_05,Cty Shopee thông báo bạn đã trúng tuyển. Cần nạp {amount} để kích hoạt tài khoản làm nhiệm vụ chốt đơn hoàn tiền gốc + 20% lãi.,1,scenario_test
"Dạ em chào anh/chị, em gọi từ Tòa án. Hiện anh chị đang có biên lai phạt nguội vi phạm giao thông chưa nộp. Yêu cầu chuyển 10 triệu vào STK tạm giữ để xử lý.",1,Giả danh cơ quan nhà nước,SCAM_01,"Dạ em chào anh/chị, em gọi từ {role}. Hiện anh chị đang có biên lai phạt nguội vi phạm giao thông chưa nộp. Yêu cầu chuyển {amount} vào STK tạm giữ để xử lý.",2,train
"Ê ae nay rảnh không, tối 8h ra quán trà chanh cũ chém gió tí không, tao mời.",0,Giao tiếp bạn bè an toàn,BENIGN_04,"Ê {friend} nay rảnh không, tối 8h ra quán trà chanh cũ chém gió tí không, tao mời.",0,validation
"Ck e 1 triệu vao the MBBank nay nhe, e dang dung mua do ma quen vi o nha. Nhanh nha a.",1,Hack tài khoản / Deepfake mượn tiền,SCAM_15,"Ck e {amount} vao the {bank} nay nhe, e dang dung mua do ma quen vi o nha. Nhanh nha a.",2,train
Tòa án thong bao: SDT cua ban dang lien quan den duong day rua tien. Vui long click vao link tiktok-job.com de khai bao tai san gap.,1,Giả danh cơ quan nhà nước,SCAM_00,{role} thong bao: SDT cua ban dang lien quan den duong day rua tien. Vui long click vao link {link} de khai bao tai san gap.,4,train
Bạn là KH thứ 1000 may mắn nhận lọ nước hoa trị giá 2 triệu. Vui lòng thanh toán tiền thuế hải quan 150k cho shipper.,1,Trúng thưởng / Tặng quà,SCAM_17,Bạn là KH thứ 1000 may mắn nhận lọ nước hoa trị giá {amount}. Vui lòng thanh toán tiền thuế hải quan 150k cho shipper.,3,train
"(Video call mờ nhòe) anh em à tao đag kẹt mạng yếu quá, mày bắn qua stk này cho tao 5 triệu trc nhé.",1,Hack tài khoản / Deepfake mượn tiền,SCAM_14,"(Video call mờ nhòe) {friend} à tao đag kẹt mạng yếu quá, mày bắn qua stk này cho tao {amount} trc nhé.",0,validation
Tài khoản iCloud của bạn bị khóa bảo mật. Đăng nhập shopee-vietnam.vip để khôi phục.,1,Giả mạo ngân hàng / Phishing,SCAM_10,Tài khoản iCloud của bạn bị khóa bảo mật. Đăng nhập {link} để khôi phục.,4,train
Con dang o benh vien can dong gap 50k tien vien phi. em chuyen vao stk cua bac si Nguyễn Văn A (ACB) giup con voi.,1,Hack tài khoản / Deepfake mượn tiền,SCAM_13,Con dang o benh vien can dong gap {amount} tien vien phi. {relative} chuyen vao stk cua bac si {name} ({bank}) giup con voi.,1,scenario_test
em ơi tối nay nhà mình ăn gì thế? Con tan làm trễ chắc 7h mới về tới nhà.,0,Giao tiếp gia đình an toàn,BENIGN_00,{relative} ơi tối nay nhà mình ăn gì thế? Con tan làm trễ chắc 7h mới về tới nhà.,4,train
anh em ơi đag rảnh k chuyển tao mượn tạm 20 triệu tí chiều t lấy lương t trả luôn. App TPBank tao đag lỗi k ck dc.,1,Hack tài khoản / Deepfake mượn tiền,SCAM_12,{friend} ơi đag rảnh k chuyển tao mượn tạm {amount} tí chiều t lấy lương t trả luôn. App {bank} tao đag lỗi k ck dc.,2,train
The tin dung Agribank cua ban bi tru phi thuong nien 20 triệu. Truy cap link zalopay-quatang.net nhap ma OTP de duoc hoan tien.,1,Giả mạo ngân hàng / Phishing,SCAM_09,The tin dung {bank} cua ban bi tru phi thuong nien {amount}. Truy cap link {link} nhap ma OTP de duoc hoan tien.,3,train
The tin dung ACB cua ban bi tru phi thuong nien 500k. Truy cap link vneid-gov.vip nhap ma OTP de duoc hoan tien.,1,Giả mạo ngân hàng / Phishing,SCAM_09,The tin dung {bank} cua ban bi tru phi thuong nien {amount}. Truy cap link {link} nhap ma OTP de duoc hoan tien.,3,train
Chuc mung sdt cua ban trung thuong 1 xe SH va 50k. Truy cap thue-vn.com dong phi ho so 500k de nhan giai.,1,Trúng thưởng / Tặng quà,SCAM_16,Chuc mung sdt cua ban trung thuong 1 xe SH va {amount}. Truy cap {link} dong phi ho so 500k de nhan giai.,0,validation
"Chị nhân sự báo tháng này em được thưởng KPI 20 triệu, check lại tài khoản BIDV xem tiền về chưa em.",0,Giao tiếp công việc an toàn,BENIGN_11,"Chị nhân sự báo tháng này em được thưởng KPI {amount}, check lại tài khoản {bank} xem tiền về chưa em.",1,scenario_test
Chi cục Thuế thong bao: SDT cua ban dang lien quan den duong day rua tien. Vui long click vao link shopee-vietnam.vip de khai bao tai san gap.,1,Giả danh cơ quan nhà nước,SCAM_00,{role} thong bao: SDT cua ban dang lien quan den duong day rua tien. Vui long click vao link {link} de khai bao tai san gap.,4,train
"Hôm qua đi ăn tổng hết 10 triệu nhé, tao chia đều rồi mày bắn qua Vietcombank cho tao đi.",0,Giao tiếp bạn bè an toàn,BENIGN_05,"Hôm qua đi ăn tổng hết {amount} nhé, tao chia đều rồi mày bắn qua {bank} cho tao đi.",4,train
ZaloPay tang ban the qua tang 50 triệu. Dang nhap vneid-gov.vip de rinh qua vao vi.,1,Trúng thưởng / Tặng quà,SCAM_18,ZaloPay tang ban the qua tang {amount}. Dang nhap {link} de rinh qua vao vi.,3,train
"Chị ơi nạp nốt đơn 1 triệu này là xong nhiệm vụ, cty sẽ hoàn trả toàn bộ gốc và hoa hồng vào thẻ Vietcombank cho chị luôn.",1,Việc nhẹ lương cao,SCAM_07,"Chị ơi nạp nốt đơn {amount} này là xong nhiệm vụ, cty sẽ hoàn trả toàn bộ gốc và hoa hồng vào thẻ {bank} cho chị luôn.",1,scenario_test
"Chị ơi nạp nốt đơn 50 triệu này là xong nhiệm vụ, cty sẽ hoàn trả toàn bộ gốc và hoa hồng vào thẻ Vietcombank cho chị luôn.",1,Việc nhẹ lương cao,SCAM_07,"Chị ơi nạp nốt đơn {amount} này là xong nhiệm vụ, cty sẽ hoàn trả toàn bộ gốc và hoa hồng vào thẻ {bank} cho chị luôn.",1,scenario_test
"BIDV thong bao: Tai khoan cua ban phat sinh giao dich 10 triệu. Neu khong phai ban, truy cap vneid-gov.vip de huy.",1,Giả mạo ngân hàng / Phishing,SCAM_08,"{bank} thong bao: Tai khoan cua ban phat sinh giao dich {amount}. Neu khong phai ban, truy cap {link} de huy.",0,validation
"Chị nhân sự báo tháng này em được thưởng KPI 100 triệu, check lại tài khoản VPBank xem tiền về chưa em.",0,Giao tiếp công việc an toàn,BENIGN_11,"Chị nhân sự báo tháng này em được thưởng KPI {amount}, check lại tài khoản {bank} xem tiền về chưa em.",1,scenario_test
"Chị ơi nạp nốt đơn 20 triệu này là xong nhiệm vụ, cty sẽ hoàn trả toàn bộ gốc và hoa hồng vào thẻ VPBank cho chị luôn.",1,Việc nhẹ lương cao,SCAM_07,"Chị ơi nạp nốt đơn {amount} này là xong nhiệm vụ, cty sẽ hoàn trả toàn bộ gốc và hoa hồng vào thẻ {bank} cho chị luôn.",1,scenario_test
Tao đang giữ clip của mày. Chuyển 20 triệu vào Vietcombank nếu ko tối nay tao up hết lên facebook trường mày.,1,Tống tiền / Bạo lực mạng,SCAM_19,Tao đang giữ clip của mày. Chuyển {amount} vào {bank} nếu ko tối nay tao up hết lên facebook trường mày.,3,train
Tài khoản iCloud của bạn bị khóa bảo mật. Đăng nhập zalopay-quatang.net để khôi phục.,1,Giả mạo ngân hàng / Phishing,SCAM_10,Tài khoản iCloud của bạn bị khóa bảo mật. Đăng nhập {link} để khôi phục.,4,train
Con đóng tiền học tiếng Anh 2 triệu chưa? Nếu chưa thì bảo để chị chuyển khoản cho thầy nhé.,0,Giao tiếp gia đình an toàn,BENIGN_02,Con đóng tiền học tiếng Anh {amount} chưa? Nếu chưa thì bảo để {relative} chuyển khoản cho thầy nhé.,3,train
"(Video call mờ nhòe) anh em à tao đag kẹt mạng yếu quá, mày bắn qua stk này cho tao 50 triệu trc nhé.",1,Hack tài khoản / Deepfake mượn tiền,SCAM_14,"(Video call mờ nhòe) {friend} à tao đag kẹt mạng yếu quá, mày bắn qua stk này cho tao {amount} trc nhé.",0,validation
"Dạ em chào anh/chị, em gọi từ Công an. Hiện anh chị đang có biên lai phạt nguội vi phạm giao thông chưa nộp. Yêu cầu chuyển 20 triệu vào STK tạm giữ để xử lý.",1,Giả danh cơ quan nhà nước,SCAM_01,"Dạ em chào anh/chị, em gọi từ {role}. Hiện anh chị đang có biên lai phạt nguội vi phạm giao thông chưa nộp. Yêu cầu chuyển {amount} vào STK tạm giữ để xử lý.",2,train
"Hôm qua đi ăn tổng hết 1 triệu nhé, tao chia đều rồi mày bắn qua TPBank cho tao đi.",0,Giao tiếp bạn bè an toàn,BENIGN_05,"Hôm qua đi ăn tổng hết {amount} nhé, tao chia đều rồi mày bắn qua {bank} cho tao đi.",4,train
ZaloPay tang ban the qua tang 50 triệu. Dang nhap shopee-vietnam.vip de rinh qua vao vi.,1,Trúng thưởng / Tặng quà,SCAM_18,ZaloPay tang ban the qua tang {amount}. Dang nhap {link} de rinh qua vao vi.,3,train
"Ck e 1 triệu vao the ACB nay nhe, e dang dung mua do ma quen vi o nha. Nhanh nha a.",1,Hack tài khoản / Deepfake mượn tiền,SCAM_15,"Ck e {amount} vao the {bank} nay nhe, e dang dung mua do ma quen vi o nha. Nhanh nha a.",2,train
Sáng nay đi chợ mua cho bố 1 kg thịt bò với mớ rau muống nhé. Tiền để trên bàn phòng khách ấy.,0,Giao tiếp gia đình an toàn,BENIGN_01,Sáng nay đi chợ mua cho {relative} 1 kg thịt bò với mớ rau muống nhé. Tiền để trên bàn phòng khách ấy.,0,validation
"Hôm qua đi ăn tổng hết 300k nhé, tao chia đều rồi mày bắn qua Agribank cho tao đi.",0,Giao tiếp bạn bè an toàn,BENIGN_05,"Hôm qua đi ăn tổng hết {amount} nhé, tao chia đều rồi mày bắn qua {bank} cho tao đi.",4,train
Con đóng tiền học tiếng Anh 500k chưa? Nếu chưa thì bảo để em chuyển khoản cho thầy nhé.,0,Giao tiếp gia đình an toàn,BENIGN_02,Con đóng tiền học tiếng Anh {amount} chưa? Nếu chưa thì bảo để {relative} chuyển khoản cho thầy nhé.,3,train
"CTV đánh giá sản phẩm trên Google Maps, mỗi lượt nhận 100 triệu. Nạp phí duy trì nhóm 300k để bắt đầu làm ngay.",1,Việc nhẹ lương cao,SCAM_06,"CTV đánh giá sản phẩm trên Google Maps, mỗi lượt nhận {amount}. Nạp phí duy trì nhóm 300k để bắt đầu làm ngay.",0,validation
Con đóng tiền học tiếng Anh 100 triệu chưa? Nếu chưa thì bảo để em chuyển khoản cho thầy nhé.,0,Giao tiếp gia đình an toàn,BENIGN_02,Con đóng tiền học tiếng Anh {amount} chưa? Nếu chưa thì bảo để {relative} chuyển khoản cho thầy nhé.,3,train
"CTV đánh giá sản phẩm trên Google Maps, mỗi lượt nhận 50k. Nạp phí duy trì nhóm 300k để bắt đầu làm ngay.",1,Việc nhẹ lương cao,SCAM_06,"CTV đánh giá sản phẩm trên Google Maps, mỗi lượt nhận {amount}. Nạp phí duy trì nhóm 300k để bắt đầu làm ngay.",0,validation
Con đóng tiền học tiếng Anh 20 triệu chưa? Nếu chưa thì bảo để chị chuyển khoản cho thầy nhé.,0,Giao tiếp gia đình an toàn,BENIGN_02,Con đóng tiền học tiếng Anh {amount} chưa? Nếu chưa thì bảo để {relative} chuyển khoản cho thầy nhé.,3,train
tớ ơi đag rảnh k chuyển tao mượn tạm 5 triệu tí chiều t lấy lương t trả luôn. App ACB tao đag lỗi k ck dc.,1,Hack tài khoản / Deepfake mượn tiền,SCAM_12,{friend} ơi đag rảnh k chuyển tao mượn tạm {amount} tí chiều t lấy lương t trả luôn. App {bank} tao đag lỗi k ck dc.,2,train
Chuc mung sdt cua ban trung thuong 1 xe SH va 10 triệu. Truy cap shopee-vietnam.vip dong phi ho so 500k de nhan giai.,1,Trúng thưởng / Tặng quà,SCAM_16,Chuc mung sdt cua ban trung thuong 1 xe SH va {amount}. Truy cap {link} dong phi ho so 500k de nhan giai.,0,validation
"Dạ em nhận được hàng rồi nha shop, vừa in luôn, tí em chuyển 50k tiền hàng qua TPBank cho shop nhé.",0,Giao tiếp mua bán/học tập an toàn,BENIGN_13,"Dạ em nhận được hàng rồi nha shop, vừa in luôn, tí em chuyển {amount} tiền hàng qua {bank} cho shop nhé.",2,train
Con đóng tiền học tiếng Anh 50 triệu chưa? Nếu chưa thì bảo để chú chuyển khoản cho thầy nhé.,0,Giao tiếp gia đình an toàn,BENIGN_02,Con đóng tiền học tiếng Anh {amount} chưa? Nếu chưa thì bảo để {relative} chuyển khoản cho thầy nhé.,3,train
Ban nhan dc 2 triệu tu Phạm Thị D. Click tiktok-job.com de xac nhan nhan tien.,1,Giả mạo ngân hàng / Phishing,SCAM_11,Ban nhan dc {amount} tu {name}. Click {link} de xac nhan nhan tien.,4,train
Con dang o benh vien can dong gap 1 triệu tien vien phi. em chuyen vao stk cua bac si Phạm Thị D (BIDV) giup con voi.,1,Hack tài khoản / Deepfake mượn tiền,SCAM_13,Con dang o benh vien can dong gap {amount} tien vien phi. {relative} chuyen vao stk cua bac si {name} ({bank}) giup con voi.,1,scenario_test
Con dang o benh vien can dong gap 5 triệu tien vien phi. dì chuyen vao stk cua bac si Bùi Văn G (ACB) giup con voi.,1,Hack tài khoản / Deepfake mượn tiền,SCAM_13,Con dang o benh vien can dong gap {amount} tien vien phi. {relative} chuyen vao stk cua bac si {name} ({bank}) giup con voi.,1,scenario_test
"Dạ em nhận được hàng rồi nha shop, vừa in luôn, tí em chuyển 2 triệu tiền hàng qua Sacombank cho shop nhé.",0,Giao tiếp mua bán/học tập an toàn,BENIGN_13,"Dạ em nhận được hàng rồi nha shop, vừa in luôn, tí em chuyển {amount} tiền hàng qua {bank} cho shop nhé.",2,train
"Hôm qua đi ăn tổng hết 2 triệu nhé, tao chia đều rồi mày bắn qua VPBank cho tao đi.",0,Giao tiếp bạn bè an toàn,BENIGN_05,"Hôm qua đi ăn tổng hết {amount} nhé, tao chia đều rồi mày bắn qua {bank} cho tao đi.",4,train
"Ck e 50k vao the Techcombank nay nhe, e dang dung mua do ma quen vi o nha. Nhanh nha a.",1,Hack tài khoản / Deepfake mượn tiền,SCAM_15,"Ck e {amount} vao the {bank} nay nhe, e dang dung mua do ma quen vi o nha. Nhanh nha a.",2,train
"Ck e 50k vao the BIDV nay nhe, e dang dung mua do ma quen vi o nha. Nhanh nha a.",1,Hack tài khoản / Deepfake mượn tiền,SCAM_15,"Ck e {amount} vao the {bank} nay nhe, e dang dung mua do ma quen vi o nha. Nhanh nha a.",2,train
"Hôm qua đi ăn tổng hết 500k nhé, tao chia đều rồi mày bắn qua VIB cho tao đi.",0,Giao tiếp bạn bè an toàn,BENIGN_05,"Hôm qua đi ăn tổng hết {amount} nhé, tao chia đều rồi mày bắn qua {bank} cho tao đi.",4,train
Cty Shopee thông báo bạn đã trúng tuyển. Cần nạp 5 triệu để kích hoạt tài khoản làm nhiệm vụ chốt đơn hoàn tiền gốc + 20% lãi.,1,Việc nhẹ lương cao,SCAM_05,Cty Shopee thông báo bạn đã trúng tuyển. Cần nạp {amount} để kích hoạt tài khoản làm nhiệm vụ chốt đơn hoàn tiền gốc + 20% lãi.,1,scenario_test
