scenario_id,title,content,source_url
K01_AUTHORITY,Mạo danh cơ quan và yêu cầu xác minh/chuyển tiền,"Kẻ gian giả danh Công an, Viện kiểm sát, Tòa án hoặc cơ quan quản lý, tạo áp lực thời gian, yêu cầu chuyển tiền vào tài khoản 'tạm giữ', khai báo tài sản, cung cấp thông tin hoặc truy cập đường dẫn xác minh.",https://www.mps.gov.vn/bai-viet/nang-cao-canh-giac-truoc-25-kich-ban-lua-dao-tren-khong-gian-mang-nam-2026-1788865614
K02_BANK_PHISH,Giả mạo ngân hàng và đánh cắp thông tin,"Tin nhắn giả ngân hàng thường thông báo giao dịch bất thường, khóa tài khoản hoặc hoàn phí rồi dẫn nạn nhân tới trang giả mạo để lấy mật khẩu, OTP hoặc thông tin tài chính.",https://www.mps.gov.vn/bai-viet/canh-bao-lua-dao-chiem-doat-tai-san-tu-su-co-an-ninh-mang-tai-trung-tam-thong-tin-tin-dung-quoc-gia-cic-1757991790
K03_TASK,Lừa đảo làm nhiệm vụ và hoa hồng,"Đối tượng mời làm cộng tác viên, đánh giá sản phẩm, chốt đơn hoặc làm nhiệm vụ nhận hoa hồng; sau các khoản nhỏ tạo lòng tin, nạn nhân bị yêu cầu nạp tiền ngày càng lớn để 'hoàn tất đơn' hoặc rút tiền.",https://www.mps.gov.vn/bai-viet/cong-an-tinh-dong-nai-phoi-hop-triet-pha-chuyen-an-lua-dao-tren-khong-gian-mang-quy-mo-dac-biet-lon-1770992938
K04_ACCOUNT_TAKEOVER,Giả mạo người thân/bạn bè mượn tiền,"Kẻ gian chiếm quyền tài khoản hoặc dùng deepfake/deepvoice để giả người quen, viện lý do khẩn cấp, lỗi ngân hàng hoặc video kém chất lượng rồi yêu cầu chuyển tiền sang tài khoản khác.",https://www.mps.gov.vn/bai-viet/nang-cao-canh-giac-truoc-25-kich-ban-lua-dao-tren-khong-gian-mang-nam-2026-1788865614
K05_PRIZE,Trúng thưởng và phí nhận quà,"Nạn nhân được thông báo trúng thưởng, nhận quà hoặc ưu đãi bất ngờ nhưng phải đóng trước phí hồ sơ, thuế, phí vận chuyển hoặc đăng nhập vào trang không chính thức.",https://www.mps.gov.vn/bai-viet/nang-cao-canh-giac-truoc-25-kich-ban-lua-dao-tren-khong-gian-mang-nam-2026-1788865614
K06_EXTORTION,Tống tiền trực tuyến và sextortion,"Đối tượng đe dọa phát tán ảnh, video hoặc thông tin riêng tư, yêu cầu nạn nhân chuyển tiền hoặc tiếp tục làm theo chỉ dẫn; một biến thể khác là giả cơ quan chức năng để cô lập và thao túng nạn nhân.",https://www.mps.gov.vn/bai-viet/canh-bao-toi-pham-lua-dao-bang-thu-doan-tong-tien-truc-tuyen-1764129007
K07_ECOM_REFUND,Giả mạo hỗ trợ mua sắm và hoàn tiền,"Kẻ gian nắm thông tin đơn hàng rồi giả nhân viên sàn, cửa hàng hoặc vận chuyển, viện lý do thu hồi/hoàn tiền để dụ cung cấp dữ liệu, cài ứng dụng, chia sẻ màn hình hoặc thao tác ngân hàng.",https://www.mps.gov.vn/bai-viet/xuat-hien-thu-doan-lua-dao-moi-khi-mua-hang-online-1790562304
K08_TRAVEL,Lừa đảo đặt phòng và du lịch,"Đối tượng giả mạo cơ sở lưu trú, fanpage hoặc người bán tour, đưa giá hấp dẫn và yêu cầu cọc/chuyển tiền; có thể gửi email giả nền tảng đặt phòng kèm link hoặc tệp độc hại.",https://www.mps.gov.vn/bai-viet/canh-bao-thu-doan-cua-toi-pham-lua-dao-truc-tuyen-loi-dung-tet-nguyen-dan-binh-ngo-2026-va-cac-dip-le-hoi-dau-nam-1769572336
K09_RECRUITMENT,Tuyển dụng giả và thu phí trước,"Tin tuyển dụng giả hứa việc nhẹ, lương cao hoặc làm tại nhà nhưng yêu cầu ứng viên đóng trước phí hồ sơ, đồng phục, đào tạo, thiết bị hoặc tiền bảo đảm trước khi nhận việc.",https://www.mps.gov.vn/bai-viet/nang-cao-canh-giac-truoc-25-kich-ban-lua-dao-tren-khong-gian-mang-nam-2026-1788865614
K10_TICKET,Lừa đảo bán vé/sự kiện,"Đối tượng dùng tài khoản hoặc bài đăng giả để bán vé concert, sự kiện hay dịch vụ khan hiếm, yêu cầu đặt cọc hoặc thanh toán trước rồi chặn liên lạc sau khi nhận tiền.",https://www.mps.gov.vn/bai-viet/nang-cao-canh-giac-truoc-25-kich-ban-lua-dao-tren-khong-gian-mang-nam-2026-1788865614
K11_INVESTMENT,Lừa đảo đầu tư và tiền số,"Đối tượng tạo nền tảng hoặc lời mời đầu tư giả, khoe lợi nhuận cao, cho rút khoản nhỏ để tạo lòng tin rồi thúc giục nạp thêm; có thể kết hợp quan hệ tình cảm hoặc người môi giới giả.",https://www.mps.gov.vn/bai-viet/thong-bao-tim-nguoi-lien-quan-phuc-vu-cong-tac-kiem-tra-xac-minh-nguon-tin-toi-pham-1778744681
K12_VISA,Lừa đảo visa và dịch vụ xuất nhập cảnh,"Dịch vụ giả cam kết visa, việc làm hoặc 'làm đẹp hộ chiếu', yêu cầu chuyển cọc/phí vào tài khoản cá nhân, thiếu hợp đồng hoặc giấy tờ xác minh và sau đó cắt liên lạc.",https://tuoitre.vn/canh-giac-chieu-tro-dua-di-nhat-trung-quoc-de-lam-dep-ho-chieu-roi-om-tien-bien-mat-100260916092755628.htm
